seller_key,seller_state
seller_id_0003cfcdbdadf398,SP
seller_id_0013d437f0ecb916,SP
seller_id_001ce01e008d8c46,SP
seller_id_0028951d40ab609d,RJ
seller_id_003ed2ead1473418,SP
seller_id_0044549204d371c6,SC
seller_id_0052913d5a70acc9,SP
seller_id_00773b717c204745,RJ
seller_id_00b631d82c5bdecb,SP
seller_id_00c92241c161e48a,SP
seller_id_00d8e1103e1bc8b6,PE
seller_id_010c64cedac9d671,SP
seller_id_012823347f07cefe,DF
seller_id_013e667a5aca0fb6,SP
seller_id_014ecedcf060608f,SP
seller_id_0165f569e31e5edc,SP
seller_id_0172b842c15b0eda,RS
seller_id_017a34ed87bb8543,SP
seller_id_0191f856bd441d1e,SP
seller_id_019fe03b4bbe23e6,SP
seller_id_01ba90508205c48b,GO
seller_id_01be33cdc2945763,SP
seller_id_01de040e898ff399,SP
seller_id_01ea69d71e462826,SP
seller_id_01eda4b3cb0afe1c,SP
seller_id_01f1d493f8f98698,PR
seller_id_01f8009b1ef6d2a6,SP
seller_id_01fbba27a5b27ba3,SP
seller_id_0206b3362a1fda8a,MG
seller_id_0211fb6057d4dc68,SP
seller_id_0240e89bafd55bbc,RS
seller_id_025114e60ad66fcc,SP
seller_id_0251c33d8dc0522e,RJ
seller_id_026a1096491a09a4,SP
seller_id_028fb1a43d4289a8,SP
seller_id_0290550db321df15,SP
seller_id_029357c498bf360d,SP
seller_id_02a369717d386910,PR
seller_id_02f8435ee59e806a,SP
seller_id_0313e9883425a675,BA
seller_id_03314e13f4d85f59,SP
seller_id_0343345a9f1cce22,SP
seller_id_03515c48f2efe20d,SP
seller_id_0371002d60aaf196,SP
seller_id_03778237e57a697c,SP
seller_id_0379551fd730176e,SC
seller_id_037f466e3e1fdc87,SP
seller_id_038c18c759374fea,MG
seller_id_038ce9bf4cac7974,SP
seller_id_03913fefdbf38ae6,PR
seller_id_039c09e9d9fd2085,SP
seller_id_03ad8959f0565651,MG
seller_id_03b4223bfb177239,RJ
seller_id_03c0a22963435e03,SP
seller_id_03c4c04bd97a2d94,SP
seller_id_0427a517eba4064f,SP
seller_id_049f4b825aa73863,MG
seller_id_04ac86b5932b9b43,SP
seller_id_04cb9ed52a59b620,SP
seller_id_04dae1c6156d290e,SP
seller_id_04db44597a2cf63e,RJ
seller_id_04ddff07cb2630eb,SC
seller_id_050eabbce39a688c,SP
seller_id_0533c93140022c09,SP
seller_id_0561501b328151e6,PR
seller_id_056903b1c9e03a2f,SC
seller_id_0569544db1e82076,SP
seller_id_057d132c51afb0d9,RS
seller_id_057f132bb4e85ced,SP
seller_id_058dbcac864352f0,ES
seller_id_05c7b1ebe083e5d9,SP
seller_id_05c829ac3feabf43,SP
seller_id_05dd09e5e7f105dc,RJ
seller_id_05e34dbaf1abc795,SC
seller_id_05e440cdf9f9cf74,MG
seller_id_061432a6b5266776,SP
seller_id_062a29b5bcc776ba,SP
seller_id_06352f2c73fcdfac,SP
seller_id_06520960cc2789e4,RJ
seller_id_0690a5d94ce22422,SP
seller_id_0692087d9beb6b1e,SP
seller_id_06aec4480a107a4c,SP
seller_id_06cc0da1812509f3,SP
seller_id_06cc3bacc9e43779,SP
seller_id_06db03a1be9fc590,SP
seller_id_06dbb2c6b7d69bdc,SP
seller_id_06f1359a5b398df6,SP
seller_id_06f36f6b6aaebdd8,SP
seller_id_06fc8592ea4551a3,SP
seller_id_07041666ecb85f53,SP
seller_id_071b90692384b342,SC
seller_id_07251f06968f878a,SP
seller_id_075cef8b85460a7e,SP
seller_id_076716d1ae7fa727,PR
seller_id_0790ca692afe5318,SP
seller_id_0792942239145525,SP
seller_id_07a745e4615cff3c,RS
seller_id_07b0a20ed4ea5c53,SP
seller_id_07b6f25b98f0d66a,SP
seller_id_07b8c611b30d18b7,SP
seller_id_07bb3b1449952cd0,SP
seller_id_07e1fbde769ab8cd,SP
seller_id_07e3f07f74339faa,SP
seller_id_07e896dddb191375,RS
seller_id_07f542c94037dfd9,PR
seller_id_07f9fdf4b759c39d,MG
seller_id_07fb03cb11c73723,RJ
seller_id_0822a9cb049721c1,SP
seller_id_0848ee8502abb9a0,SP
seller_id_084c43be87f155de,SC
seller_id_08654faf807dd5ab,SP
seller_id_08890150cfbeff95,SP
seller_id_089861561db00b6d,SP
seller_id_089bb75f55f1c13a,SP
seller_id_08a835c3c3f1ea35,SP
seller_id_08bb12320f1b00ff,PR
seller_id_08c43c59b7eb0d83,PR
seller_id_08c9db162e686d81,RJ
seller_id_08cd6868e1ea5360,SP
seller_id_08e71de5562eec4c,BA
seller_id_09036082f3b1a03f,RS
seller_id_090c317f0836d2db,SP
seller_id_091639608e76e29b,SP
seller_id_091f8452fd60ce5c,SP
seller_id_0922834aab723cba,RS
seller_id_0945ff01b3e1e52d,SP
seller_id_0951c06e662cbfba,SP
seller_id_0956444d952cffde,SC
seller_id_095766f5c76ec04e,PR
seller_id_098d7478d44b5429,SP
seller_id_0992ee18853518d0,MG
seller_id_099a2e31b7a65556,SP
seller_id_09f19e5341c8dfa8,PE
seller_id_09fcff5dcf458f59,MG
seller_id_0a00d7914e6c3122,SP
seller_id_0a0406913fd533c1,SC
seller_id_0a05bb2a30eda837,SP
seller_id_0a1990ef511f7cc7,PR
seller_id_0a219bec11ef84c4,RJ
seller_id_0a25a49ff6b3cb1a,DF
seller_id_0a3eddd44da823ca,PR
seller_id_0aa540b30d249df9,SP
seller_id_0ab723d423a3a562,SP
seller_id_0afd330656eea5fe,RS
seller_id_0b19c308adf1dc17,SP
seller_id_0b299268bed5f5a7,SP
seller_id_0b4625aad91663d0,SP
seller_id_0b52792edf76179d,SP
seller_id_0b5e67054f196ccf,GO
seller_id_0b744fa22c94d6fb,PR
seller_id_0b9ccd5740f7bc64,SP
seller_id_0bc63a901e512629,SP
seller_id_0c0dbbb7400ce5ba,SP
seller_id_0c11c2d5e9eda722,PR
seller_id_0c2082136b72635b,SP
seller_id_0c2c50577ce7ca24,PR
seller_id_0c40c31d1920162c,RJ
seller_id_0c50926101cfd00e,SP
seller_id_0c513854e063d91b,SP
seller_id_0c6bf494aadb220b,SP
seller_id_0c797b7ae27a970f,SP
seller_id_0c7c5d2be5f0c17a,SP
seller_id_0c8acd12badf1a45,MG
seller_id_0ca06f8d09aab260,SP
seller_id_0cab25ef317e4507,SC
seller_id_0cd9cb1880545325,SP
seller_id_0d0b376b0f6503b5,SP
seller_id_0d4697d3d775e5c1,SP
seller_id_0d495f6db648f32a,BA
seller_id_0d6544e430474adc,RS
seller_id_0d6e4582a6e4de8b,PB
seller_id_0d73d604e4bf7fb1,SP
seller_id_0d924cdfac19b292,RS
seller_id_0d952505dedfb485,SP
seller_id_0da483b6afe4a82c,SP
seller_id_0da86d0fe598b087,SP
seller_id_0dc7c68672cc4b59,PR
seller_id_0dd912bca4eb92a4,SP
seller_id_0e0d19364ae3c207,MG
seller_id_0e2c7f31b3f7a92f,SP
seller_id_0e464d551e36f661,SP
seller_id_0e5c64e6b5c7e964,SP
seller_id_0e602e77c6fcda28,SP
seller_id_0e6a81a71ac8dde5,SP
seller_id_0e7989eab44cc90d,SP
seller_id_0e79d45bc3d090d9,SP
seller_id_0e9ede9c739625de,SP
seller_id_0ea13ab696e59b1d,MG
seller_id_0ea23e7ee813fc3b,RJ
seller_id_0ea792569b3bcb35,SP
seller_id_0ec0bb31dfc1ae27,MG
seller_id_0ec35914de74692f,SP
seller_id_0ee822bcdba6f48a,SP
seller_id_0ee8adb48028844f,SP
seller_id_0eec2b6cd8cf7cee,RO
seller_id_0f0ae700d7677ffa,RJ
seller_id_0f0b2d1a3945ec89,SP
seller_id_0f0eb3f6604b370f,SP
seller_id_0f661d082809b559,SC
seller_id_0f6bcaa7d58a712d,SP
seller_id_0f7579013747d3b2,GO
seller_id_0f7ef666aa989470,RJ
seller_id_0f8216dab94833fb,PR
seller_id_0f8e7a360483ca6b,SC
seller_id_0f924325f9dcbab4,RS
seller_id_0f9bb12838e91a9d,SP
seller_id_0fb5ea40e3ce146d,PR
seller_id_0fbf240dad023041,SP
seller_id_0fcf6d3a1505d63b,PR
seller_id_0fd2e199b292e4fc,SP
seller_id_0ff9d4fe9ae892c0,SP
seller_id_10094dfc98948c63,SP
seller_id_100dd89636f201d9,RS
seller_id_100edfba2dc810ee,SP
seller_id_1020bb2d4c4d54cc,PR
seller_id_102b44d8c22f830c,SP
seller_id_104035cdc7db2364,SC
seller_id_106fd671383148c2,SP
seller_id_108d617739ef1a4a,SP
seller_id_10a66294deb18252,SP
seller_id_10b87ef531280ba5,PR
seller_id_10c3e55874e9039c,SP
seller_id_10c7ddb936765f51,SP
seller_id_10dd49c84e245d08,SP
seller_id_10e8634340df3d83,MG
seller_id_10ebca1352bab320,SP
seller_id_111ab30e66ce8b8f,PR
seller_id_114a501e6f9bf7ba,SP
seller_id_114cc1cd314211b4,SP
seller_id_115b48c4ee1675dd,SP
seller_id_1163cf902f2ba71f,GO
seller_id_11746f7c08bd1181,DF
seller_id_117757fc9559b043,MS
seller_id_1182e8f8797f59dc,MG
seller_id_119eb322ccbd8302,SC
seller_id_11ca4c85eb6ae105,SP
seller_id_11d36c632ee6841e,SP
seller_id_11d7b8f432f7c9f4,SC
seller_id_11f7bbc10f6f2b77,PR
seller_id_11f9e4834df0f693,RJ
seller_id_12037b9ed0517deb,RJ
seller_id_120ccaf66f679d8b,SP
seller_id_1247f9ff3e90ab0b,SP
seller_id_124973e7c83472bd,SP
seller_id_124a2ca68fb3c1fb,SC
seller_id_128d9bb8273aaac9,SP
seller_id_12a0a60d050041ac,PR
seller_id_12b7a772ace26f44,PR
seller_id_12bc93623c76d574,SP
seller_id_12c82883b24ce5c3,SP
seller_id_12c832abac55d575,MG
seller_id_12ca8e9927cb1e66,SP
seller_id_12f3b3d0e70e8f19,PR
seller_id_1313ea4862916fa8,SP
seller_id_1344b4158bf39cbe,PR
seller_id_135500952f06d5f6,SP
seller_id_136709540d32c8b7,SP
seller_id_13684e989f1845b6,MG
seller_id_136a4ce2e086283e,PR
seller_id_136ac6c145d3040f,SP
seller_id_136f8e79d8d876d6,SP
seller_id_137092640d92058c,PR
seller_id_1379e5f3f9714873,SC
seller_id_137b51318ac7934b,SP
seller_id_13836e19fb409767,SP
seller_id_1399f309f01f9607,SP
seller_id_13a55add6dfb66e4,RJ
seller_id_13acb7e667585c9e,SC
seller_id_13b0dccfc2a9bd5a,PR
seller_id_13c32324909ba0bf,PR
seller_id_13d3e691f2fdbe7c,SP
seller_id_13edaf14a45eda54,SC
seller_id_13f42e17cd202964,PR
seller_id_13f5943169d7e7eb,SP
seller_id_13f839d96e726056,BA
seller_id_140719c1202d0c7f,SP
seller_id_1421f74f028b87a2,SC
seller_id_143a5b89c6eefccd,PR
seller_id_1443ec27897495e5,SP
seller_id_147736349a67af5c,SP
seller_id_14ad6402dc499ddf,SP
seller_id_14b8316d8312cfe0,SP
seller_id_14bba37cd5aae0d3,SP
seller_id_14bee81da449c8bc,MG
seller_id_14d135ed3dd9d410,SP
seller_id_14e143994120be82,MG
seller_id_14f2f03edb85e758,SP
seller_id_14fb8a7da62e2145,SP
seller_id_14fd477ae35727be,SP
seller_id_152887a446d6e8ca,RS
seller_id_153411aa66649d00,SP
seller_id_1535d8bdb900bab9,RJ
seller_id_1542f6b62279e90c,SP
seller_id_156b497925d4ba10,SP
seller_id_15905e38fa803e9b,MG
seller_id_15a3d9cd84e2762e,SP
seller_id_15a5b70fbe0ffc92,SP
seller_id_15bc016d50167a32,PR
seller_id_15bec48282339169,RJ
seller_id_15c131502ed48fd1,PR
seller_id_15c1dd0aa7c7c571,MG
seller_id_15c9e637b32e8b85,RJ
seller_id_15cec7bf5afc7888,SP
seller_id_15d881b931fbde3a,PR
seller_id_15d9c6b6e8fd213d,SP
seller_id_15e75deb158284d0,MG
seller_id_1623c949d65c58aa,SP
seller_id_1624123ca7a9bebe,SP
seller_id_16429c4869c3ed29,SP
seller_id_1669e3c0fed1f836,SP
seller_id_1673492dacfe7f45,SP
seller_id_1675c26aed831be7,SP
seller_id_1688511f34351cc8,PR
seller_id_16a4f6e01b1f188a,SP
seller_id_16ba824c78aa06fe,MG
seller_id_16f8f46d9244b2ea,SP
seller_id_1700917bc475fa6c,SC
seller_id_1701742a9e377605,SP
seller_id_17178e4ab9b52ad7,PR
seller_id_17377b6e4372226d,SP
seller_id_1745836853ba47d7,SP
seller_id_174dcda74322c496,MG
seller_id_175184c2d03575a9,SP
seller_id_177a3022ffb5ed35,SP
seller_id_177d6e802c5155b8,SP
seller_id_1789eadf3b24fd19,RJ
seller_id_17bd5768b5d4e120,SP
seller_id_17f58bc473b24d31,GO
seller_id_18031ac9bf9b44c0,PR
seller_id_181c33556a1f9965,SP
seller_id_182361fd313e3ccc,MS
seller_id_184d37284c4ebdc8,BA
seller_id_185b26db56b121aa,SP
seller_id_186447b2e49e4de9,SP
seller_id_186c013299e8a4b2,SP
seller_id_187b65d0841c4417,AC
seller_id_1887b3a06b6d8590,SC
seller_id_189a929d19b8825e,PR
seller_id_18aabb06079163c9,SP
seller_id_18b31ca4413cc48a,SP
seller_id_18c05cccd43407c6,PR
seller_id_18cb118fdea462c3,SP
seller_id_18f44f5f6f4a1cb6,SP
seller_id_18ff84a594d8a015,SP
seller_id_1902d2809c3c7bd3,PR
seller_id_1902eb2d40e7f353,SP
seller_id_190328a4ec239fe9,RS
seller_id_190406620e1b2d87,SP
seller_id_190fba85251270c8,SP
seller_id_1933122d304e2911,SP
seller_id_1935c74d4bed8b1c,PR
seller_id_194b35d93d91d41d,SP
seller_id_19505621589191e2,GO
seller_id_195bd578b166ba1e,PR
seller_id_195e02bb8f12e208,SP
seller_id_197fc4a26f6b602e,SP
seller_id_1982783260a9405b,RJ
seller_id_19a63fb595813c0d,SC
seller_id_19d6963f816979ac,SP
seller_id_19f15ad7cb554810,RS
seller_id_1a0477341888cfe3,SP
seller_id_1a0bcd576be2b4cd,PR
seller_id_1a2b28ca917c344f,SP
seller_id_1a6a8661f6a46d8a,RJ
seller_id_1a704b361146097d,SC
seller_id_1a759fd430526fca,SP
seller_id_1a8c8ee1e307096a,DF
seller_id_1a989ef13b5cb9e0,MG
seller_id_1aa86ae6f402e4c0,RJ
seller_id_1abff7a2ffb507bc,PR
seller_id_1b1488295f0fc134,MG
seller_id_1b25ddb3e04b73bd,DF
seller_id_1b4ddcc18dd78ba9,SP
seller_id_1b5db2140a11ea39,SC
seller_id_1b7876e17ac678d9,RS
seller_id_1b93607d69344eb1,SP
seller_id_1b9903015c1909f9,SP
seller_id_1ba65ac0cc3bd26c,MG
seller_id_1c3459ecbf9215a1,SP
seller_id_1c5206bce29e8e46,MG
seller_id_1c6f8cf981584ef6,PR
seller_id_1c7c1f6981698b20,SP
seller_id_1c9135be0412ccf3,SP
seller_id_1c9fc87e6468b35a,SP
seller_id_1cafceee855c32c8,SC
seller_id_1cbccf66bf624d4f,RS
seller_id_1cc29d30f56a317f,SP
seller_id_1cee0e50338c5878,SP
seller_id_1d1887ffe45145d6,SC
seller_id_1d1e8946cc2dda07,PR
seller_id_1d1fc7d060b63886,MG
seller_id_1d7e3814fc67148b,SP
seller_id_1d94d7e2b44fdc95,SP
seller_id_1dab330ba30d1211,SP
seller_id_1db204b37b1420bf,RJ
seller_id_1dc0d79df422197a,SP
seller_id_1dd71f07e0ecd91e,GO
seller_id_1de60311354a512c,SP
seller_id_1e03d0251725233c,SP
seller_id_1e2a6d23a75a6a7b,SP
seller_id_1e3239632d603e80,SP
seller_id_1e3d2b82286a4556,PR
seller_id_1e65c2267ab58947,MG
seller_id_1e67b1e78d651123,SC
seller_id_1e68e98e275c14d2,SP
seller_id_1e6b75be698fab7f,SP
seller_id_1e9f44b0f864a656,SP
seller_id_1eab14977e40d3b2,SP
seller_id_1ef4fd2b9d2bb475,SP
seller_id_1efcb5873f1407b9,RS
seller_id_1f2b3f84153a52f9,SP
seller_id_1f3f718eb621a0c8,SP
seller_id_1f4518dad8f4450c,CE
seller_id_1f4dab0a470d25e8,SP
seller_id_1f637a7f9b3a2eee,SP
seller_id_1f6a55e6858ebf51,SP
seller_id_1fb62f980451f357,SP
seller_id_1fbe3c8a9fa689e3,SP
seller_id_1fd2bd52ffdfb3d2,PR
seller_id_1fe4b48fbbcaf077,SP
seller_id_1fea31c0bd69e72b,SP
seller_id_20179b6118d66fd6,SP
seller_id_201b0c65bd3a1043,SP
seller_id_201fcc4983db94ac,SP
seller_id_202fdd725554181b,PR
seller_id_20961f9768f3a789,SP
seller_id_2099a413ddda6e66,SP
seller_id_20ad14b11027dc06,SP
seller_id_20c22d1054f85fb7,SP
seller_id_20c786127cc589a9,SP
seller_id_20e3ae419667af29,SP
seller_id_212faf65bd06cb62,SC
seller_id_215cb6c0c7219f61,MG
seller_id_216b4d0c3cd8d1a0,SP
seller_id_21b984f620f240f2,SP
seller_id_21c9139c20fe9024,SP
seller_id_21dd8721a9d6c428,SP
seller_id_21f31bfae9a9e15e,RJ
seller_id_21f5d21f03340538,SP
seller_id_21f86cb78522a41b,SP
seller_id_21f8f2c3cd275229,SP
seller_id_220525d3a0a90988,PR
seller_id_22126dfc8df3fae9,PR
seller_id_2237a0232ec74dd3,SP
seller_id_2250015f73fa5f0c,SP
seller_id_2276480bb6dd355f,SC
seller_id_2290fa8b3362b98d,SP
seller_id_22949928a36295c1,SP
seller_id_22a906d5e727d3a1,SP
seller_id_22b883a2026a8769,SP
seller_id_22bbc387174acd96,RJ
seller_id_22d4a47a4778c92b,SP
seller_id_2306aaa499899431,PR
seller_id_230d1da7e2bd9895,SP
seller_id_2319e0ca98f4b70b,MG
seller_id_234cd9ea35b661d1,RS
seller_id_23885edec36866a8,SP
seller_id_238c0893dd4329dc,RJ
seller_id_23a791dca2f1bacd,SP
seller_id_23a8ded90fcc3249,SP
seller_id_23ad43201ac42b6b,SP
seller_id_23bc41dc16fcaf84,SP
seller_id_23d148ada57c3ce6,PR
seller_id_2423cf7113919f1d,MG
seller_id_2443881713bed1e4,RJ
seller_id_245858cc58238b94,RS
seller_id_246ffd1ce694e56a,SP
seller_id_24d409e6d1ac8aa7,SP
seller_id_24efb64e68cfed20,SC
seller_id_2503a51ed865ad9a,SP
seller_id_250e6b5aa60df42c,SP
seller_id_252976c12ae9c7ac,PI
seller_id_2551cda45c69a795,PR
seller_id_255b501798b5a613,SC
seller_id_256c69cc81c798d4,SP
seller_id_2570eba831c41a50,PR
seller_id_25766c16ff1edb32,SP
seller_id_257c813a32a77603,SC
seller_id_25873cfbaeae18c7,SP
seller_id_25913ebdd461f54e,SP
seller_id_25aee4a29641f450,SC
seller_id_25b78dc8ceef98b1,MG
seller_id_25efb8cd501e24f1,SP
seller_id_25f0eda95472d3fc,MG
seller_id_25fa5ff13cb84e6f,SP
seller_id_25ff9a089cb1f72b,SC
seller_id_261d9ae8d9308f8e,SP
seller_id_263582689956efcf,SP
seller_id_26385468dc4ee287,SP
seller_id_264c3421d4323834,SP
seller_id_265ca1c5a2135d02,MG
seller_id_266892b4546907a1,SP
seller_id_269319b5f64e3b21,SP
seller_id_2697160f3b3011f5,SP
seller_id_269fc6e4b832dff4,SP
seller_id_26b350efc64f630b,SP
seller_id_26c45c8b1f4ddf19,MG
seller_id_26f54cf300b3a5ec,RJ
seller_id_26fe62b4dd599049,SP
seller_id_275d7cca69449739,PR
seller_id_276c1d7bce7b7507,SP
seller_id_277cbe9823ce4bce,SP
seller_id_278d7b51ca361d81,PR
seller_id_2791ff33a749ae00,PR
seller_id_27adc965882180ad,SP
seller_id_27be3899e12fcdea,SP
seller_id_27f35f9450d6be7b,SP
seller_id_27f453f451955791,SC
seller_id_27f8e0ccf43a824f,SP
seller_id_28210871f3b648f7,SP
seller_id_282b5b3e0f4bb297,SP
seller_id_2832941a120d6bbb,SP
seller_id_2851927edccaeac2,SP
seller_id_285b3fa84823ddcd,SP
seller_id_2860058affee8d5e,RJ
seller_id_288fd637ccd229b4,SP
seller_id_28aed0b26b8277c0,RJ
seller_id_28e00ab8830a7022,SP
seller_id_28e28ec4953080c5,RJ
seller_id_28eaa3d327d2c8ec,SP
seller_id_28f4221b3226d8b4,PR
seller_id_28f8f4a6d9b65ceb,SP
seller_id_292702fac507f3c7,SP
seller_id_2939a60483f36efa,PR
seller_id_293d97bdd47a033a,PR
seller_id_294b62d5ad607f7b,SP
seller_id_29aa9cc1c240c96e,SP
seller_id_29c5508e0bde48bf,SP
seller_id_29d8a85a1e1d2c86,MG
seller_id_29da9edc7905cca4,RJ
seller_id_29ddc8d9c78ac1b1,SP
seller_id_2a0cd33829b30dc1,RJ
seller_id_2a0fe16de4d78a85,SP
seller_id_2a14222588cb6f00,MG
seller_id_2a14d9a95df2071f,GO
seller_id_2a1e83793c5c6cdf,SP
seller_id_2a2f0f6be1529e91,SP
seller_id_2a3111176f2a9d58,SP
seller_id_2a46c8f1be80de3b,SP
seller_id_2a697b9caef5051d,SP
seller_id_2a75079b5edaa36b,SP
seller_id_2a98140b83cf90bb,SP
seller_id_2ab03942fe9fdd12,RJ
seller_id_2abd3dd97d7ff479,RJ
seller_id_2abffaea0b3fb978,SP
seller_id_2ac29cf3c80c2fe9,SP
seller_id_2ac9831d9326af6a,SP
seller_id_2ad168f36da884ee,SC
seller_id_2b0718c66898da35,SP
seller_id_2b100501028d5c3f,SP
seller_id_2b1cc94c3b4fc9a7,SP
seller_id_2b2087707d3debe1,SP
seller_id_2b2b09c933382450,RJ
seller_id_2b51362c32731a06,SP
seller_id_2b518619cfa8d0a3,MG
seller_id_2b553cac80304b98,MG
seller_id_2b5d61dd212f1d9a,MG
seller_id_2b61e2e3e0ee571f,SP
seller_id_2b66907617506637,MG
seller_id_2b7359f7c551b017,SP
seller_id_2b77ca2bae58b025,SP
seller_id_2b83b8534e47a0fd,SP
seller_id_2b908c19c0571759,SP
seller_id_2b980d55ec592293,SC
seller_id_2b9b15cc31faf4e1,SC
seller_id_2b9c5b1419044c66,SP
seller_id_2ba80e0624070dff,RJ
seller_id_2bab1fda6304bb18,SP
seller_id_2bb1bd64c85ee5b6,GO
seller_id_2bbc63436b9e6120,BA
seller_id_2bc805c7d6f077d1,SP
seller_id_2bdc29b3d823b5ea,PE
seller_id_2bf6745078cfa43f,RJ
seller_id_2c087e46b5ac55f0,SP
seller_id_2c2bbf0e0053d5c5,SP
seller_id_2c678bd660f2d6c3,SP
seller_id_2c7588f6ff134ecc,SP
seller_id_2c86bc05d34682bd,PR
seller_id_2cb8688b1976da04,RS
seller_id_2cc133dafc8119b0,SP
seller_id_2cc1b266906690d6,SP
seller_id_2cfc204223139c33,GO
seller_id_2d05843aff4fed4c,SP
seller_id_2d0d701716321be4,RS
seller_id_2d1242a534e80b1a,SP
seller_id_2d2b9a7b56650e1c,SP
seller_id_2d4878238ec99d95,SP
seller_id_2d5bd7c1191ee9e8,SP
seller_id_2d7aca3c499ba4a3,SP
seller_id_2d8d8c99cabcec3b,SP
seller_id_2d91971c32440ea5,SP
seller_id_2d9ce093ce2a0253,SP
seller_id_2dc2478a10f1c7e4,RJ
seller_id_2dc847d07b781e0f,SP
seller_id_2dd6eabce0fc4bc1,SP
seller_id_2dd8179cb5bc9c1b,SP
seller_id_2e0fc63047192bcd,SP
seller_id_2e26016b55d34264,SP
seller_id_2e388181a3761f83,SP
seller_id_2e402c87a217c358,SP
seller_id_2e53225c293437d0,SP
seller_id_2e5bed3d8b2e76a9,SC
seller_id_2e65da17da5a67e2,SP
seller_id_2ebb53bd532ff775,SC
seller_id_2ee69d346ed5b3d0,SC
seller_id_2f05b42bbb2fb923,SP
seller_id_2f7538596aaf440b,GO
seller_id_2f7afaf1279575b6,SP
seller_id_2fa335bae8bdb848,RJ
seller_id_2fa933d22586b44b,PR
seller_id_2fbcefc2b9f4a75d,PR
seller_id_2fbfb44e00bec0d4,SP
seller_id_2ff814185f9d5a31,PR
seller_id_300ca53f897e4f0d,SP
seller_id_3026137acd6462c3,SP
seller_id_30265c84ee24a79a,DF
seller_id_302b27d2dea92113,SC
seller_id_302b9d2b487bfcd7,PR
seller_id_305b3775452c9c67,SP
seller_id_305f784a7e155f44,MG
seller_id_308642ad2ecd8668,SP
seller_id_308fbcadfb48422d,SP
seller_id_310f81c10bb6f2c6,SP
seller_id_3114564376bf3813,MG
seller_id_3125d8f0e8cee3ac,SP
seller_id_3126029cdc09d9a4,PR
seller_id_312a3703c063094a,SP
seller_id_3132b09e6e5bb3c5,SP
seller_id_3150eb775511e7ff,SP
seller_id_3166b539b74ce4ce,CE
seller_id_318572a941dde4eb,SP
seller_id_319452831eca270b,SP
seller_id_31b31a1d6086ebd9,GO
seller_id_31b50d986e9a7a77,RN
seller_id_31d015b775f09606,PR
seller_id_31e711a337293861,SP
seller_id_320ca9be3f24f2a2,GO
seller_id_3221593986439599,SP
seller_id_32275f4b18a11c7d,SP
seller_id_323528ce79617029,SP
seller_id_323a3c9349fa715b,SP
seller_id_3242b7df3f672665,SP
seller_id_325cd3315fec06e1,MG
seller_id_3278d3918759759c,SP
seller_id_3286fa742165a662,SP
seller_id_329d97ebcb0b778f,MG
seller_id_32bbc9d9315db595,SP
seller_id_32c4918fb27c1bb4,SP
seller_id_32d7716ed3cd1f98,PR
seller_id_33101600bda698b5,SP
seller_id_331d4222c517cea6,RS
seller_id_333b3e06fe4c377f,MG
seller_id_335c76be2b71c584,RJ
seller_id_336561f99f513551,SP
seller_id_3372e8ce7716c733,MG
seller_id_337daa5258c1c2be,SP
seller_id_337e9d0dc0569061,SP
seller_id_33866de3e009a8e8,ES
seller_id_338cb7149d5a5d55,SP
seller_id_3396b059cbcfc38f,PR
seller_id_339bed09638a6cdb,MA
seller_id_339ea3ccb9ef643b,PR
seller_id_33a707e1f7f06fb7,SP
seller_id_33abbdf6bfc1236b,SP
seller_id_33afc268805d6a88,SP
seller_id_33ccfe8bc1abd585,SP
seller_id_340e412921a5abbc,SP
seller_id_3424ea5472a5c587,SP
seller_id_344cf3c7356dba2b,SP
seller_id_3450e9dc36b2aba4,SP
seller_id_34a69953f9394b30,CE
seller_id_34c9f136d6281383,SP
seller_id_34d27737e79498e9,MG
seller_id_34d50c11df6ff38a,RJ
seller_id_35054e5d2204a31c,RJ
seller_id_350a3563edd71ec6,SP
seller_id_3529ea1f2fbc9d6c,SP
seller_id_3558284f0dbd12a5,SP
seller_id_35629f862e0eb20e,SC
seller_id_35a6655849ad459e,SC
seller_id_35ae3723171a359b,RJ
seller_id_35af1c03e63577d2,SP
seller_id_35b60daeb2d1cdb3,SP
seller_id_35bacef5723a068d,MG
seller_id_35df365d4f568f03,RJ
seller_id_35f498b567e93580,RS
seller_id_36172442d47797f0,SC
seller_id_3623abd60d90c0ac,PR
seller_id_36264f60103fa76e,SP
seller_id_363b521bddd456d6,SP
seller_id_36612bc82879da80,SP
seller_id_366f011fdc5b247a,SP
seller_id_36ad3f66cd84e8dd,SP
seller_id_36b4f39b5ef4e855,PB
seller_id_36dd8a19b5b8c540,PR
seller_id_36f59704ebb8b5dc,SP
seller_id_373c1bf4d1ab059d,MG
seller_id_37416f8d2489ea93,SP
seller_id_374f8aa65786ff0d,SC
seller_id_3756a20ae4c51d28,MG
seller_id_375e1a0890e4be1d,SP
seller_id_3769b1aeb316ab04,RJ
seller_id_376f8cad5b0c347b,SP
seller_id_37a2e45cea521641,SP
seller_id_37c8c7c35c7b6d82,SP
seller_id_37f5e47b51a5efa9,RS
seller_id_38085704f0e8578b,RJ
seller_id_380d0488670f8b02,MG
seller_id_3840aaa280d699d6,SP
seller_id_384aff23b7e363aa,MT
seller_id_3887f2b14349c2ac,SP
seller_id_38c9f84ac608716d,SP
seller_id_38d3911abb83b46e,MT
seller_id_38f95f362e7e88fa,PR
seller_id_38fa29ee3025e804,SP
seller_id_3919bea153eef308,SP
seller_id_391a4f80d9942bce,SP
seller_id_392851bd595423e3,SP
seller_id_392fa6f4d62270dd,RS
seller_id_3931fe2c1e478c32,SP
seller_id_394c6ab8a5dc0b57,RS
seller_id_3954792da051af0d,PR
seller_id_3970c1be61291fc4,PR
seller_id_3983fb37ea48a1eb,GO
seller_id_39c181906ca25fbd,SC
seller_id_39c9aecd3207600e,PR
seller_id_39d469d0f78a6d10,SP
seller_id_39e022576c5f6426,SP
seller_id_39ed2f74fc2f93db,PR
seller_id_39fd60479c308bf3,SP
seller_id_3a0abda38d511e4a,SP
seller_id_3a0f5209fdd5ad4e,SC
seller_id_3a0ff7e24728678b,SP
seller_id_3a3d506244f73b9a,SC
seller_id_3a4af75ec187456a,RS
seller_id_3a58a5e46242957a,PR
seller_id_3a6317b51f64feaa,SP
seller_id_3a69ccc328fb22e0,MG
seller_id_3a803c88fd59f13e,PR
seller_id_3a86c9f059a671a4,MG
seller_id_3abebc3502cc5119,SP
seller_id_3ac3c79ddbb15d2a,SP
seller_id_3ae0fdcc19f341bb,PR
seller_id_3af79984d6ba2a68,GO
seller_id_3b053b234f1f5386,SP
seller_id_3b139fd9d3fe3d5b,SC
seller_id_3b21afef47c57793,SP
seller_id_3b2c29dd27333d3f,PR
seller_id_3b7c206df091a911,PR
seller_id_3b8692f508685abf,SP
seller_id_3b9908b266659d07,SP
seller_id_3b9e88a2d2e712af,SP
seller_id_3bb4bd395dd16b70,SP
seller_id_3bb7f27c1f3fff4e,RJ
seller_id_3bc85707d08b4f52,PR
seller_id_3bcebe72a91e0cf7,RJ
seller_id_3bd084b56d414a1f,SP
seller_id_3beeff5d5172de57,SP
seller_id_3c238dad04d9e272,SP
seller_id_3c242cf4754775f7,PR
seller_id_3c26401c36f947b2,SC
seller_id_3c44136942ccb722,SC
seller_id_3c565c6e74728631,SP
seller_id_3c6a1c606a8c32e2,SP
seller_id_3c847d93a3d212f2,SP
seller_id_3c86e0666554eeee,SP
seller_id_3cb6f24539c5d83e,SP
seller_id_3cc01c6916c5be3c,MG
seller_id_3cc7c9ccfdad1d09,PR
seller_id_3ccc54de7e020f85,SP
seller_id_3cd562d41ac704bf,SP
seller_id_3cd90fa90561697d,MG
seller_id_3ce9807d02f8b97c,SC
seller_id_3cfdf7fc4434d67b,SP
seller_id_3cfe713cd7bda624,MG
seller_id_3d050486ae56da23,SC
seller_id_3d1362eadd0006d3,SP
seller_id_3d2d8a4d9477cdd7,MG
seller_id_3d5196df3ba79f4c,SP
seller_id_3d595928e0d30242,SP
seller_id_3d6464ab6fb3e76b,SP
seller_id_3d6610e55bb6a69e,MG
seller_id_3d6da4dff0338acb,SP
seller_id_3d7a027d1ccb9e86,RJ
seller_id_3e283f1db864dfb5,MG
seller_id_3e285df144c666aa,SP
seller_id_3e3de55ed62f0ef4,SC
seller_id_3e5391c3f2de86b4,MG
seller_id_3e5c0d96f02be1e4,SP
seller_id_3e6ebb5f00bb8b6c,SC
seller_id_3e9bad681fc62d2a,MG
seller_id_3ea56ee206509145,SP
seller_id_3ea75a87510a1b75,SP
seller_id_3eb20cb7ff44ed32,SP
seller_id_3ed44ce9dd9fa52d,SP
seller_id_3ee21133a578cd37,MG
seller_id_3ee3b6f9502906ed,SP
seller_id_3ee7d22436cfe772,MG
seller_id_3f2022151a0b84b6,SP
seller_id_3f24969cb36d3f45,SP
seller_id_3f400fb54caac4be,SP
seller_id_3f5bccf9c9c402ec,PR
seller_id_3f6bd830999eafdf,SP
seller_id_3f752321ff494344,MG
seller_id_3f80c3a36d5f37ef,SP
seller_id_3f88e9f9ec8e417d,PR
seller_id_3f8d4d01b2c7f918,SP
seller_id_3f9690aed968c946,MG
seller_id_3fbd1468fd9f58a0,MG
seller_id_3fbeb99773bc5073,SP
seller_id_3fe039828dec294d,PR
seller_id_3feac432e038e623,PR
seller_id_3fed5f08735606ec,SP
seller_id_3ffe5e36246194ab,CE
seller_id_400ac31d33b25475,RS
seller_id_4013a8affaba9908,SP
seller_id_40253e8d274ce050,SP
seller_id_403073bfdaad0b43,SP
seller_id_4044932653e689db,SP
seller_id_4046252c192f56bd,SP
seller_id_404a4c62351b5983,SC
seller_id_405d7529020bfda3,RS
seller_id_4061a0fe95f205e7,MG
seller_id_4063af89e967a0f4,SP
seller_id_40ba6351ca2c65ca,PR
seller_id_40f270f60b20edbf,SP
seller_id_4131471e93fe94f7,SP
seller_id_414a6ddfa0c9d93d,SC
seller_id_415f3eea82847144,SP
seller_id_416d87883c658bd9,SP
seller_id_41b268fff6950203,SP
seller_id_41c8b12223376afc,SP
seller_id_41d3fe62deecba69,SP
seller_id_42247e3bfe5012d4,SP
seller_id_424ade4bab313404,DF
seller_id_427568588a4e8c31,SP
seller_id_42c911fb145c0e51,SP
seller_id_42cdadc76f5c9d3b,SP
seller_id_42d88f022af865a1,DF
seller_id_42eaccaf4d3a54f4,MG
seller_id_42ecf97fa2407d37,SP
seller_id_42fff36d8f17f046,SP
seller_id_431d44bdead52657,RS
seller_id_4323017afa53240a,RJ
seller_id_43236f9220a762b3,SP
seller_id_43523ec208d1fced,SP
seller_id_435fd8d7a828a32e,DF
seller_id_436a5c664b9cf85c,SP
seller_id_43717bf2e43570d1,SP
seller_id_43895f069dbe9e56,SP
seller_id_43afd1ff77c58b5f,SP
seller_id_43caa8f9fcf1b77b,SP
seller_id_440ce7442fbd4d4d,SP
seller_id_44424ac5369b8ad4,SP
seller_id_4445161914509fb4,SP
seller_id_444f238e81632291,RJ
seller_id_445f47ce75ab51ae,SP
seller_id_4461078eea83f6f6,SP
seller_id_4466f011170bc3dc,RJ
seller_id_44821c417190e4f1,SP
seller_id_449b981af5f1c40e,MG
seller_id_451c4dd7736cd7b7,SP
seller_id_4523d68c6ef2bae0,SP
seller_id_4535993b14cc73d3,SP
seller_id_453cfcf4d39b87c6,SP
seller_id_4549b796e22033ef,SP
seller_id_455bf085d8b61d84,PR
seller_id_456da664b72cd108,SP
seller_id_459342182bc06fcd,SP
seller_id_45b3b626f5bd530b,SP
seller_id_46172c1924c8cacd,SP
seller_id_461b6b31ccba2b91,RJ
seller_id_463d43094dd83e49,SP
seller_id_463e86ab3284329b,RS
seller_id_464a46694f571a48,PR
seller_id_4694fa7b08f5428d,SP
seller_id_46abda1185015af4,MG
seller_id_46bc309bfa0d6402,SP
seller_id_46f361f1a7d915af,SP
seller_id_46f92b0a8a75bdc8,MG
seller_id_47181d2eda3a7d81,SP
seller_id_471896483dfc6f99,SP
seller_id_471ab3491cb08bf5,SP
seller_id_4734973b8468324d,SP
seller_id_4765b59c21cce79d,RJ
seller_id_476e77bec859c202,SP
seller_id_47700eea9d150d98,SP
seller_id_4784af9a8faffd1f,SP
seller_id_478e776aad52f1c6,SP
seller_id_47932799c76d941d,SP
seller_id_47953a8e11aa2c38,PE
seller_id_479b4c2f631a1c12,SP
seller_id_47aee29fd3e4dab2,SP
seller_id_47b285953f52fc5e,SP
seller_id_47de6042d1ea3384,SP
seller_id_47df393c1da84902,PR
seller_id_480cdb1be655f2f2,SP
seller_id_4810377d34ee2412,SP
seller_id_4810fa7029281f9b,MG
seller_id_4842c0e8853eecbc,SP
seller_id_4872c13e4ea0aab7,SP
seller_id_4884e0fa18423d22,PR
seller_id_48916b32783943c5,MG
seller_id_48bc9478ee066498,SP
seller_id_48d9b2d5450f5190,SP
seller_id_48e49a0d798e50cd,RJ
seller_id_48ef848eeeb701e2,PR
seller_id_48f046f04dfabbe1,MG
seller_id_4904aa4b0b9f3c0d,SP
seller_id_490780364c4329ef,PR
seller_id_494425cac0fd7247,SP
seller_id_494985708df0941d,SP
seller_id_4965442531eb1911,MG
seller_id_496658ef4f841dac,SP
seller_id_4973746bef7aa175,MG
seller_id_497b1dd12b308c13,SP
seller_id_49821a02f2a7faba,SP
seller_id_498dea7797fffc90,SP
seller_id_4999b2954d211a31,SP
seller_id_49af57dc4ad05023,SP
seller_id_49b7e7b7abba89d5,SP
seller_id_49c6dff79ebc4620,PR
seller_id_49d5f88ad032f001,MG
seller_id_49e9805b9f18df1e,SP
seller_id_49ff1ecbb6227c13,DF
seller_id_4a1aca51d85ae2e8,SP
seller_id_4a2d0836abe88ec3,SC
seller_id_4a3b60bfb4289c14,MG
seller_id_4a3d1d188ae4c55b,RJ
seller_id_4a5d9388c0e79a1d,SP
seller_id_4a6b7e91625e4092,RS
seller_id_4ab9110a40f0e9fb,SP
seller_id_4ac634ca6073acc5,SP
seller_id_4ac91d351b7fbafa,MG
seller_id_4ad1456dfc0ea986,RS
seller_id_4aed44df3575a421,PR
seller_id_4aee504d51d4d7f0,SP
seller_id_4b0d556749798315,PR
seller_id_4b118e7cbb78bf7f,SP
seller_id_4b1a1f8203d12a02,SP
seller_id_4b223d914732c9b1,RJ
seller_id_4b2ae58b007351c6,SP
seller_id_4b92fe1e60ca693f,SP
seller_id_4b9cb683651be4b2,SP
seller_id_4bd3fdbb7d05b476,SP
seller_id_4bd7d272a3316bf1,SP
seller_id_4c433f1fdef883f5,SP
seller_id_4c48be99da68362b,SP
seller_id_4c67466f01823218,SP
seller_id_4c67f2a1cde14b19,SP
seller_id_4c6c639fae130037,MG
seller_id_4c6c7c3b4efbdf76,SC
seller_id_4c8ac806211cab34,PR
seller_id_4c99ac85840d152c,SP
seller_id_4ca98e381da1ef97,GO
seller_id_4cab24b4dab7c49c,SP
seller_id_4cc0f0a6e0a9f0d2,SP
seller_id_4cd33515238eb330,SP
seller_id_4cdacd0899d8f303,GO
seller_id_4ce8a3d7c65e4cf5,SP
seller_id_4cfbe27a17f1ecd0,RS
seller_id_4d1cf64411356d42,SP
seller_id_4d3dfab284a913dd,SP
seller_id_4d4f806cf98c79dc,SP
seller_id_4d5499329b6e16ee,RJ
seller_id_4d6e9548bedad7ee,MG
seller_id_4d6fc77f5649bc4d,SP
seller_id_4d7f6090e10e7247,PR
seller_id_4d7feb9e0fc2c346,SP
seller_id_4d8974d3dda2d29b,PR
seller_id_4da10849ede81e5a,SP
seller_id_4db1ed2651865dc8,SP
seller_id_4dc160163da1c905,SP
seller_id_4dcccb3788d99b8f,PR
seller_id_4dd06676eaefd74b,SP
seller_id_4dea0835fc1ee0fa,SP
seller_id_4df7328794c5b717,SP
seller_id_4e0065cf4f67931d,PR
seller_id_4e14a934c74e9585,SP
seller_id_4e1ccbc3f0eecd21,PR
seller_id_4e20b0dc3f1a3251,SP
seller_id_4e50be40dbfa8ec4,SP
seller_id_4e6045fa2ad49602,PR
seller_id_4e7f1f0f10d93ce3,SC
seller_id_4e80afc45ceb7c2f,SC
seller_id_4ea83f87592333d1,SP
seller_id_4eb274fe7254e423,PR
seller_id_4eef52f40f194b9d,SP
seller_id_4ef25a65025efdaa,SP
seller_id_4f00237a6b4a6204,SP
seller_id_4f104d1a8849803d,SC
seller_id_4f24ba9ab6eb7762,MG
seller_id_4f302771944fc925,SP
seller_id_4f3c904bd4a6fe41,PR
seller_id_4f5057518224613e,MG
seller_id_4f7d5af6c0bc125b,SP
seller_id_4f86fa76e6d6d206,RJ
seller_id_4fae83b7fa53da44,SP
seller_id_4fc88c1dda1c1017,RS
seller_id_4fd002849ae61fc9,SP
seller_id_4fd70875c9aa597c,SP
seller_id_5024cf202779e7a5,SP
seller_id_50292af495299854,PR
seller_id_503be6c683d674c9,SP
seller_id_505b67380fb6fc99,SP
seller_id_508036d1b195b7d3,SP
seller_id_50864cd4eea2dba7,MG
seller_id_50870194c3731fcb,SP
seller_id_508920f07bc0aa86,PR
seller_id_509adb8944058f19,PR
seller_id_50d38c12a287b51e,BA
seller_id_50e77c0c390cb309,SP
seller_id_50f1ff111573e32a,RJ
seller_id_50fc8edff12776f1,SP
seller_id_51100902ac674ff8,SP
seller_id_511f174927a7acfd,SP
seller_id_512ca86f59795238,PR
seller_id_513e12332f2a412f,MG
seller_id_514da77cbdc607eb,SC
seller_id_514f37b302f1875c,MG
seller_id_515cb6eed0855beb,SP
seller_id_5164f271ce99edb8,SP
seller_id_5171d3868d51257a,RS
seller_id_5180e645c7e4f1e0,RJ
seller_id_51943732b4ee745b,SP
seller_id_51a83cb42093e68c,PR
seller_id_51b7c3fbaec0c2bc,SP
seller_id_51b878fc467f11b2,SP
seller_id_51bf675f6923d827,PR
seller_id_51c9637516898595,PR
seller_id_51d2e10e1deeb213,SC
seller_id_51da7c793a0589e9,PR
seller_id_51ed14664d8f57b5,SP
seller_id_51ed3a18a8c9cc30,SP
seller_id_51f9432af8709399,SP
seller_id_51f96f3dd6c3fff4,PA
seller_id_5209100a04cf08cc,SP
seller_id_520d5f6e39962f44,SP
seller_id_521b6bd69bb2f901,PR
seller_id_521b8b3ca9008e6e,SP
seller_id_5230bdf14baaf31c,SP
seller_id_52661c65a7969a65,SP
seller_id_527c6d6600c4b4e3,SP
seller_id_52ab0b02e24d56ec,SP
seller_id_52ccb33504325f01,PR
seller_id_52e3c3de7eace105,SP
seller_id_52f831e2a6741b65,SP
seller_id_5301bc6a620a0a90,SP
seller_id_5301e1daa32fd8cd,MG
seller_id_5303a869c0841ba8,SP
seller_id_53158e0bde87ab5a,BA
seller_id_531dff10e000ca10,SP
seller_id_5326de61a95725f7,ES
seller_id_53507d26f2052d10,SP
seller_id_53822e0c908d42bd,SP
seller_id_53b2db9364d0b4e4,PR
seller_id_53d45fd682d1bb6c,SP
seller_id_53eb5d95ab950638,SC
seller_id_54115d5d057ba0b7,SP
seller_id_54171f52cfc01dd7,SP
seller_id_548db785d02ffec9,SP
seller_id_549f0202401861a7,PR
seller_id_54c505b84196d9c2,SP
seller_id_54d338bc8ab7147f,RS
seller_id_54dd67890b5ef90b,SP
seller_id_54f55c5990af581c,SP
seller_id_54f63af247eca18e,PR
seller_id_54f6a425217c903a,MG
seller_id_54f72562bb27f5b4,RJ
seller_id_55086bed904d29d3,SP
seller_id_550d11904dee0878,SP
seller_id_551392b58d24d177,PR
seller_id_55734cca1424d33c,SC
seller_id_55a4d895b62678de,SP
seller_id_55af2485a9962bc1,RS
seller_id_55affb9ede018080,SP
seller_id_55d2287012c88674,SP
seller_id_55d5f4d6e8b24155,GO
seller_id_560a85c78ef4f2f9,SP
seller_id_561b8e71b09dd8cf,SC
seller_id_56259cf2b1f113ac,SP
seller_id_562f9715f5ce22a2,SP
seller_id_5631fc33c24fc8d6,SP
seller_id_56631d73172c5b8c,SP
seller_id_569984a95127af3a,PR
seller_id_5732b0428c36d51e,MG
seller_id_573a2588126a47d4,MG
seller_id_57410e3d6407bd8c,MG
seller_id_5754d368a7dddef4,SP
seller_id_576e860019cbbc9d,SP
seller_id_5783d39ae9dfaf11,SP
seller_id_578c701d9db72b78,GO
seller_id_5792ab8ed1227493,SP
seller_id_57b8c33628d66866,SP
seller_id_57b9665c5453b70a,RS
seller_id_57e3a5ec5452cdf0,RS
seller_id_57f796c736741822,PR
seller_id_57fea87388410eef,RS
seller_id_581b8b9617042096,PR
seller_id_583098257aba006d,SP
seller_id_58437123d0ce0f86,SP
seller_id_584d3e496074fd4b,SP
seller_id_585b277cdc97b962,RS
seller_id_58635b5e61237b77,SP
seller_id_587420ce38669c52,SP
seller_id_587abaa4d49e9a8f,SP
seller_id_588271b54bb02afd,SP
seller_id_58839fce3129e197,SP
seller_id_58910392f467f4d0,SP
seller_id_58979d84d558deb0,SP
seller_id_58a89db0003b389d,SP
seller_id_58c5472ce3210ad9,RJ
seller_id_58df49b65e94fe7b,SP
seller_id_591c8943f00860a7,MG
seller_id_592246b65b79635e,SP
seller_id_592c787ed526e503,SP
seller_id_593e82e5aba008b3,SP
seller_id_59415ec7c28f54c9,PR
seller_id_59750bbe2c3287f6,SP
seller_id_5976f4796a4dc8cc,SP
seller_id_5978e1aeca6286a5,SP
seller_id_59b758d2e7f1a4b8,RJ
seller_id_59c29e9fb278e880,SC
seller_id_59c2b4b2ec2f74a0,SP
seller_id_5a4db5b00557806e,RJ
seller_id_5a4f71da13280cb0,RJ
seller_id_5a691c9bb6df19af,SP
seller_id_5ab0e11f709d654e,SP
seller_id_5aefcc7f95683987,SP
seller_id_5b1199c300efed5d,SP
seller_id_5b178f2b83c7b096,SP
seller_id_5b2b011af33110c7,RN
seller_id_5b43695d4bfd444f,GO
seller_id_5b69539b36c815bc,SP
seller_id_5ba5887ed754293a,MG
seller_id_5ba85a1e6fc4af3f,SP
seller_id_5bac9d519c61af9e,SP
seller_id_5bae1c2db109dba1,SP
seller_id_5bb6921af609ce37,SP
seller_id_5bbf07632680f8e6,SC
seller_id_5bcc3af2bcdc1d99,RJ
seller_id_5bd2d91c8c4a7369,SP
seller_id_5bd66327ef8bd41f,MG
seller_id_5c26415001cd04ee,SP
seller_id_5c2a449f461f79db,MG
seller_id_5c475e723a019c48,SP
seller_id_5c490d00b667cd7a,SC
seller_id_5c66b23c86ec7274,RS
seller_id_5c87fac93924b452,MG
seller_id_5ca90959c53dc9a3,SC
seller_id_5cbe4656d7673851,SP
seller_id_5cc0bd8dc7681feb,SP
seller_id_5cce354bf3fd88cc,PR
seller_id_5ccf8f52da2c4b07,SP
seller_id_5ce35f945bb25c49,PR
seller_id_5cf64abb2d2f51f9,RJ
seller_id_5d4f0667d0b559b3,MG
seller_id_5d5075975ffff7a7,SP
seller_id_5d567c126ab27a9b,RS
seller_id_5d6067a37f693da1,SP
seller_id_5d73347733e609c2,SP
seller_id_5d73f20d69f5748a,RJ
seller_id_5d8748bd9d7f4576,RS
seller_id_5d8a39fab5381317,SP
seller_id_5da80a5c99e182a6,SC
seller_id_5deab6f81677606f,SP
seller_id_5dfe851f33524f97,SC
seller_id_5e039cb906380f4f,SP
seller_id_5e28a56f202741fe,SP
seller_id_5e3c5e2d2ca1c618,SP
seller_id_5e5a38480ab23c85,SP
seller_id_5e8610d86af068fd,SP
seller_id_5eac5cab9a70d3f5,SP
seller_id_5edac6d170c59e44,MG
seller_id_5f12f2e880b36315,PR
seller_id_5f14e12043667f45,SP
seller_id_5f21082f9ed2ef7b,SP
seller_id_5f2486c316b5aefa,SP
seller_id_5f2a1c7cc36f28ff,PR
seller_id_5f6cde5ac99c2b91,SP
seller_id_5f78b04565dc0602,SP
seller_id_5f7c7ab92bb19d71,SP
seller_id_5fb4fe12ad1c1ec9,GO
seller_id_5fc9544937b70933,SP
seller_id_5fd74aa3c11a6912,SP
seller_id_601c92f3af0e63dc,RS
seller_id_6021f3a19e9ab0a8,SP
seller_id_6038565106b41308,SP
seller_id_6066ab9077fe0163,RJ
seller_id_60700f01dceacc02,RS
seller_id_607607d6607ebe50,SP
seller_id_607720570da879de,SP
seller_id_60800d62376f7e94,SP
seller_id_60b605d053d152a8,SP
seller_id_6121a8ea37668fa0,SP
seller_id_6137689863f2ba4a,SP
seller_id_61395d19525da850,PR
seller_id_613db9402421ef3d,MG
seller_id_613ee1e9aa027016,PR
seller_id_616c34cf182ab1c6,SP
seller_id_61859f12af9e202f,SP
seller_id_61878c234af958a3,SP
seller_id_61be6282e9668e82,SP
seller_id_61f3f3dd4319f9a4,MG
seller_id_62017ae196bef50d,SP
seller_id_6203aa138970d2ab,RJ
seller_id_62283a3392cbb036,PR
seller_id_6240a7050fd177bd,SP
seller_id_624dae159a57d973,PR
seller_id_627574631fe746fd,SC
seller_id_62791d88beb89869,SP
seller_id_628a633f34c11432,SP
seller_id_62f6e5ef60cc1a59,PR
seller_id_630adafa71e6e1d5,DF
seller_id_630e88e731b0ab7f,SP
seller_id_632802ad23a0a82c,SC
seller_id_6334ab822901aefd,PR
seller_id_63525ae3b151096f,SP
seller_id_6362d8a7dd1817c3,SP
seller_id_6376256d9ccdf6b8,SP
seller_id_63aa41b75f4bd3dc,SP
seller_id_63ac8ef800eeaa83,PR
seller_id_640ea953cefc6d66,SP
seller_id_641f597785a60162,PR
seller_id_6451e1a89b64769c,MG
seller_id_648c4ee0931af6ed,SP
seller_id_64abcfb389099b85,SP
seller_id_64afdbf20a09388c,SP
seller_id_64b013c6aa06970f,SP
seller_id_64b61ce35b5a2e51,SP
seller_id_64c4eab073945432,PR
seller_id_64c515c22f2afe1a,PR
seller_id_64dbd7bb9f0fe35f,SP
seller_id_64ef40f62b485573,RJ
seller_id_65156d9f4c3226a1,SP
seller_id_6519ab740d6fca40,MG
seller_id_6520efa09f470b43,ES
seller_id_6522e150375742e1,SP
seller_id_652d5e079a2017f2,SC
seller_id_655d2f3139e7ff72,SP
seller_id_6573c45cbe176c61,RJ
seller_id_6578fde8888e96a7,MG
seller_id_6586bf70622ed5e0,SP
seller_id_658c011f3a19e63f,SP
seller_id_65a0190c6b380a3d,PR
seller_id_65a11f527c61bc8f,SP
seller_id_65d8ddc4bbc34b9e,RS
seller_id_65de1a4160cb2714,SP
seller_id_6611147eb0a005d2,SC
seller_id_6619af935b9503de,RJ
seller_id_662a0de660835a32,SP
seller_id_663540a165d2dc09,SP
seller_id_663c7f6f979151fb,RS
seller_id_6643c6519b496af9,RS
seller_id_6651dbf0620f3d2e,SP
seller_id_6652bf32cdada8e7,SP
seller_id_666a671e66bb0937,BA
seller_id_66c56b93dfd2bf82,SP
seller_id_66d8a3df9888da25,RS
seller_id_66db68a4b5f0587f,SP
seller_id_670611feb03c32ad,BA
seller_id_67108424b7aee819,SP
seller_id_672020087da89693,RS
seller_id_6726c6f4f11c50e6,SC
seller_id_67325b282f2a9200,GO
seller_id_676369d2a19624ca,SP
seller_id_678887fe4d9e8dca,SC
seller_id_678ac4d83c6fa1ce,ES
seller_id_678ecfd5034ef33c,SP
seller_id_679a49e08fb08cec,PR
seller_id_679c4c7b3d314f41,SP
seller_id_67b00742562931ac,RJ
seller_id_67b2bf8af044a269,SP
seller_id_67bd7800fc6d20d2,SP
seller_id_67c592a3b8d9d157,PR
seller_id_67cb70adaee0d9b8,BA
seller_id_67e2eac874952472,SP
seller_id_67e80b3dbeb354d3,SP
seller_id_67e90179e74c567e,SP
seller_id_681d6f9020de3731,SP
seller_id_6831f188e7908146,MG
seller_id_6835da327fa11291,RS
seller_id_6843e9c5fc01bbd1,SP
seller_id_6866b3974ada14d2,RJ
seller_id_686cb23d34b2a150,MG
seller_id_6892faad727ee818,SP
seller_id_68b41335ac8c580c,SP
seller_id_68cbe58a75b70f51,MG
seller_id_68dbb8a73cf7b687,PR
seller_id_68fc8bc3129034e9,SP
seller_id_68ff80560f995396,MG
seller_id_690fbefd20b9a702,SP
seller_id_6936bdfba56c1376,RJ
seller_id_698ace4ef25f93bb,SP
seller_id_6993f15f5471cb07,SP
seller_id_6994b4b260b9783b,SP
seller_id_699822c447513673,SP
seller_id_69af33cef7bfeb27,SP
seller_id_69b4a4fadc1678a1,RJ
seller_id_69eca0a168a31d00,SP
seller_id_69faeb252071156a,SP
seller_id_6a00ecf8e3710c7c,SP
seller_id_6a19b478b13c99aa,SP
seller_id_6a21eb1bca1bdcdc,SP
seller_id_6a3b6cd542803209,SP
seller_id_6a64ac1de0c0f407,SP
seller_id_6a77a951a21854a6,SP
seller_id_6a7a9ad5f6778c00,SC
seller_id_6a8a830f86c03d3b,SP
seller_id_6ab1ba6e123df649,SP
seller_id_6ab9bb330d8befc9,SP
seller_id_6ac59ed23c732d28,SP
seller_id_6ad78f9a3e90b525,PR
seller_id_6adb3c2c23de7218,SP
seller_id_6ae6abebae2deb6e,SP
seller_id_6aeb7f59e87c8390,RJ
seller_id_6af3436497d2dcaf,SP
seller_id_6b0b0b34de647aac,SP
seller_id_6b3d14bdd9f5d05c,MG
seller_id_6b52b4edc23503ba,SP
seller_id_6b5fe7553c42a49c,PR
seller_id_6b64eff0f386a174,SP
seller_id_6b841eaa3f7c4e57,SP
seller_id_6b844f8c4a9ddda1,PR
seller_id_6ba169d7ed95dcc3,MG
seller_id_6bacc8dda083f11b,SP
seller_id_6baefcb050ebc442,MG
seller_id_6bb2dbf2af2ddbb9,RS
seller_id_6bc62c976b57c393,SP
seller_id_6bcb118dd1636f67,SP
seller_id_6be10b72fe54fdea,RS
seller_id_6bed89da6b8ff0ca,SP
seller_id_6bf0228543e469d1,SC
seller_id_6c16b5e009d5d1cc,RS
seller_id_6c1774a98e9b79fa,SP
seller_id_6c4503db6cfe5669,PR
seller_id_6c51257f382258cb,MG
seller_id_6c53d03c50fcf55b,MG
seller_id_6c7f668f4776ba96,SP
seller_id_6ca4517c147f052b,SP
seller_id_6cb424bb64801095,SP
seller_id_6cc8035d52769e5a,SP
seller_id_6ce62cbaf9e3d37b,SP
seller_id_6cef87f4cea2bb3e,RN
seller_id_6d1356b6ffedba31,SP
seller_id_6d4f9ece9c5d1748,CE
seller_id_6d5020c047f2d959,SP
seller_id_6d52c21253731a0d,SP
seller_id_6dad618824ad6898,SP
seller_id_6dbdfbc4fd90c944,SP
seller_id_6dceabe59b1862b9,SP
seller_id_6df92449ef423301,RJ
seller_id_6e02006776a0178f,SP
seller_id_6e1e009b05522dec,SP
seller_id_6e29e0fe26ef5313,SP
seller_id_6e2afde9ab74f468,SP
seller_id_6e5217df56f93742,SP
seller_id_6e5289834fc10a6a,MG
seller_id_6e75094a782532b6,SC
seller_id_6e7e2d5f259b6629,ES
seller_id_6e997f5ac9b8b751,SC
seller_id_6e9a38bdf4e4bd00,PR
seller_id_6ece14a974d2e904,SP
seller_id_6ed496c5a8abd3bb,SP
seller_id_6f09e8ee576da678,SP
seller_id_6f15db77bfa2afe8,SP
seller_id_6f2d2763efd97266,SP
seller_id_6f2d6a70a47cdca5,MG
seller_id_6f76de87941e602d,SP
seller_id_6f7cdb00b2f9ec20,SP
seller_id_6fa03139833121ef,PR
seller_id_6fad548a819a423c,MG
seller_id_6fb7debe23e9bcf8,MG
seller_id_6fb8755981527c8e,SP
seller_id_6fbeaa6539941451,MG
seller_id_6fc6a1bf59175861,SP
seller_id_6fd052d4260fbbe7,SP
seller_id_6fd14a96a0ad4046,SP
seller_id_6ff22c79ee3a32fa,SP
seller_id_70265f45f9869199,SP
seller_id_706ff028282b42f5,SP
seller_id_7074bf6b31d5da04,SP
seller_id_708ac47993b1380f,SP
seller_id_70cccaedd4a6d934,SP
seller_id_70dccb918bab82d1,PR
seller_id_70f33907d94f5cdd,SP
seller_id_7104acc64b222702,RJ
seller_id_710a283499bd8f84,RS
seller_id_71304a711f0bb740,SP
seller_id_71410275755a151f,RJ
seller_id_71658405abc11778,PR
seller_id_71b878c1bd3cdae8,SP
seller_id_71c9820cb34f52c3,SP
seller_id_71cf87570f139d41,PR
seller_id_71dc3df84f16dc3c,SP
seller_id_71f89248ccccdd78,SP
seller_id_7200e743a261f476,SP
seller_id_720966f9c74ff87a,SP
seller_id_720e011061288260,RS
seller_id_72103d1d93363deb,SP
seller_id_721aaf45f757cfa6,SP
seller_id_7226c48edd687869,SP
seller_id_723cb7f8bd5e8f66,RJ
seller_id_724af276a26b3c9d,DF
seller_id_724e9412818f8837,SP
seller_id_7255879685da6a60,SP
seller_id_726f93326dc8d4c9,MT
seller_id_728144620a451628,RS
seller_id_728951aca0ef4f62,MG
seller_id_72be93b47bd0c224,SP
seller_id_72d77d8a53ce664e,SP
seller_id_72ef1c04f48a3d6d,SC
seller_id_72f07f5cb3d54176,RJ
seller_id_730f7fbfaa167895,SP
seller_id_731d2ce05cbe7087,SP
seller_id_733351b2c7fa1a33,SP
seller_id_735c8d3b4bf19447,SP
seller_id_7364d53b3bd2f817,RS
seller_id_736ef1afde68c9b8,SP
seller_id_7384323e7f69acfe,CE
seller_id_7389aed00abf4243,SP
seller_id_738c890a9fc4622b,RS
seller_id_73c20b8bad0a92ee,SP
seller_id_73e8736754566b26,DF
seller_id_74052f93fb0a3fde,SP
seller_id_743d3dd67d58d6be,SP
seller_id_7445207104bd7a42,SP
seller_id_7448265591057507,SP
seller_id_74529f3b3216a028,PR
seller_id_745e50387b674fef,PR
seller_id_748861d0e3f78b6c,SP
seller_id_749b6e3f83f9c612,SP
seller_id_749db073adb2c898,MG
seller_id_750a903d93f52ee7,SP
seller_id_753ec3a3c02a3ae3,SC
seller_id_7556f07ff85b40c1,SP
seller_id_75693e093103e893,SP
seller_id_7593f35483ff2fa2,SP
seller_id_759778162f72beab,SP
seller_id_762630a359b0d2db,RJ
seller_id_763945a8c5b0d176,SP
seller_id_763c356cb0d1fa72,SP
seller_id_7663997942b7f531,RS
seller_id_7698774d2fade922,SP
seller_id_769b55175c057336,RJ
seller_id_76a0b6cc0540ed99,MG
seller_id_76ab0d25d19eb977,SP
seller_id_76bc0545e8f6827d,SP
seller_id_76c0dfae1ccbe805,SP
seller_id_76d462cbe7adf604,SP
seller_id_76d8a7982c2f6596,SC
seller_id_771e445c49499155,MG
seller_id_772aa2774fb98d21,SP
seller_id_774d8bdfaae3eb44,SP
seller_id_77583458fcab4ad9,PR
seller_id_7767c0d14fc4d15e,PR
seller_id_778686c9aeeac925,SC
seller_id_77ed632e59f7ed6a,PR
seller_id_77f5a5ee48c58f87,MG
seller_id_77f6ac79ab4d197b,PR
seller_id_780ae9dfa8df8c0b,SP
seller_id_781484edccb0da41,SP
seller_id_7837b0330a4b255a,SP
seller_id_784ac4a009929650,SP
seller_id_785b3f0bed3e7eb3,SP
seller_id_787573e430ebbba9,SP
seller_id_7881504a6850822e,MG
seller_id_788c0a3e2f519db0,SP
seller_id_7897cdfded2d01d0,GO
seller_id_78a0da0a3273a7cc,SP
seller_id_78b51b9bc317f44b,PR
seller_id_78b8cbe83ad6c1f2,SP
seller_id_78c81f3ac7003b02,SP
seller_id_78cf1e81f6fcffeb,PR
seller_id_78d49e0554daf836,SP
seller_id_790f9ef0d70b23fb,SP
seller_id_794bcb11f2087af2,SC
seller_id_794dbc00e902feb7,SP
seller_id_7956b722ef0d96c5,SP
seller_id_797ac62fb1872e46,SC
seller_id_79848a49e133bd29,SP
seller_id_799776b98c6df166,SP
seller_id_7997cfa86016c8d1,SP
seller_id_79a431a050d506b7,PR
seller_id_79c74ae4d09b6986,SP
seller_id_79d544f80bd02186,SP
seller_id_79f3401d8d61ba51,SP
seller_id_7a0eaa631258f8dc,MG
seller_id_7a0f7fa723bfae72,SP
seller_id_7a30f053542c94c5,SP
seller_id_7a32b09c17f2507c,PR
seller_id_7a3fcae95fdc5c0d,SP
seller_id_7a46ce0bc03b66cc,MG
seller_id_7a764a0a5e5de57f,SP
seller_id_7aa56ce7c88de291,SP
seller_id_7aba6465090e5af7,SP
seller_id_7abdedde2530c7e4,MG
seller_id_7af1372a768a6d19,CE
seller_id_7af83c9915b8f723,SC
seller_id_7b2123dcd3f4f9d7,SP
seller_id_7b25939e16f5cd87,SP
seller_id_7b310f04a55eeebe,MG
seller_id_7b3e6949bbdda4c8,SP
seller_id_7b5c3bafe88b1416,SP
seller_id_7b67548378fefa32,SP
seller_id_7b70123b3a1ed755,SP
seller_id_7b8afa68027c970d,SC
seller_id_7bad038b6e71dab3,SP
seller_id_7bc6e582d9380641,DF
seller_id_7bc83977dc6cd0c4,SP
seller_id_7bd91023fb3609dd,RJ
seller_id_7c20a6440b73e61d,RJ
seller_id_7c2f776452ee3600,SP
seller_id_7c3d68099e4f280f,SP
seller_id_7c42178fe7221056,SP
seller_id_7c4d481d729bae7c,SP
seller_id_7c54aeba97a9cf69,SP
seller_id_7c7abcb87e0baa1d,SP
seller_id_7c7bb5238a0d2302,RS
seller_id_7c8ac1df8e760cf8,SP
seller_id_7cadb00eb2099fe5,SP
seller_id_7cb76bd91cf677bf,SP
seller_id_7cd1d344afee69e1,SP
seller_id_7ceb7a125f7da40f,DF
seller_id_7ceec8650f3f6962,SC
seller_id_7d0b52094f8ac156,SC
seller_id_7d168e64cc409e27,SP
seller_id_7d3e6d14ae14a737,PR
seller_id_7d61ba82fd240b2f,SP
seller_id_7d62ee3dbb94103d,PE
seller_id_7d6e2136f081221a,PR
seller_id_7d771f930a26dac3,SP
seller_id_7d8a1915118db605,SP
seller_id_7d8d2786c7522701,SP
seller_id_7dae162473e22fb9,SP
seller_id_7db50d8c4c679905,SP
seller_id_7dc2f4925da17cc4,SP
seller_id_7dce2d2670a783d6,SP
seller_id_7dd3eea85f2ea28a,SP
seller_id_7dfd48ed222cfae9,SP
seller_id_7e29ef60406af1cc,SP
seller_id_7e3d63b9981d511d,SP
seller_id_7e8788bf5ce917df,SP
seller_id_7ea56aec45343ff9,SP
seller_id_7eaff5730ec9ddfc,SP
seller_id_7ec195d9a20f1c70,SP
seller_id_7eca0b57faf154ba,SP
seller_id_7eedb0129ed37eb0,PR
seller_id_7ef7eaf00263c13a,SP
seller_id_7ef893a3dca71611,RJ
seller_id_7f00dac9fb5a8f6d,SP
seller_id_7f173167fa54bd6c,SP
seller_id_7f4fd612ad7f8fb8,RJ
seller_id_7f82b6b1385d67ae,SP
seller_id_7f8ed61826c7464d,SP
seller_id_7fcbf41ca5f19448,SP
seller_id_80218949fb41a08a,SP
seller_id_802277c61c161738,SP
seller_id_8054d87b1d9fedc4,PR
seller_id_8057b89a1aa0727d,RJ
seller_id_8071c9dee70610eb,SP
seller_id_8072690e1db49109,SC
seller_id_80949387c7e0b5a0,SC
seller_id_809e9edd8e1054d1,SP
seller_id_80a2789a727cad4b,SP
seller_id_80d880c737a33500,SP
seller_id_80e0d6bbb5e1c6cb,SP
seller_id_80e66ef05a5021f6,SP
seller_id_813328fc06dc52a4,SP
seller_id_81460bc7e65066a5,CE
seller_id_8147f1e4707f69e0,MG
seller_id_815ce0c270b7ff7d,SP
seller_id_815f34c27efe33f5,PR
seller_id_81624df7f079d28f,RJ
seller_id_8162c415d9b3b8be,SP
seller_id_816561568637add7,SP
seller_id_816d82c2bb59580e,PR
seller_id_8181cd563a88082e,SP
seller_id_8186ad2f8de83614,SP
seller_id_819d3b06d4e33cca,MG
seller_id_81bce65dec01c154,SP
seller_id_81db3f18f17d4558,PB
seller_id_81e33a7efad7e5d7,SP
seller_id_820b7c6828422266,SC
seller_id_8216d8d8cfea39ea,ES
seller_id_822bf7cb459499d2,SP
seller_id_8252518fc2d99c45,SP
seller_id_8255f4d6fe2b70be,MG
seller_id_82573c658e4d8cd9,SP
seller_id_825bbf865bed1e9f,SP
seller_id_828447efbc87df91,SP
seller_id_8285b7f5e989748f,RJ
seller_id_8288c8f9c5a76ab5,SC
seller_id_8294dd8eb5f8c290,SP
seller_id_829a6af765390d8d,SP
seller_id_829dc3cacf3db098,PR
seller_id_82a1c17695f6df36,SP
seller_id_82ab0f32995234ee,SC
seller_id_82b2c85a7a380471,SP
seller_id_82d84c627722aa39,SP
seller_id_82eadd537379d055,SP
seller_id_82f451150af7bd71,RS
seller_id_832df9fc2249885c,RJ
seller_id_832f7691bb658685,SP
seller_id_833ec96304b17804,SP
seller_id_8369553eeafe0a90,PR
seller_id_836e218fdd99a2d5,SP
seller_id_8373ed449ba72671,PR
seller_id_8376d2c9b43c7020,PR
seller_id_837a3d036557db09,SP
seller_id_8392527c245f34ee,SP
seller_id_83cd5db041c96505,SP
seller_id_83d429690cc7e854,SP
seller_id_83db1d7651336edd,ES
seller_id_840e1c292dbe3601,MG
seller_id_84277e994e9a7b85,ES
seller_id_84ca4d7f6f8a35b9,SP
seller_id_84e9c2e64035852c,SP
seller_id_84f5c3d74b4738f1,SP
seller_id_8507b9407e5c4bbc,MG
seller_id_8533e9304ed75d69,MG
seller_id_856ce39c78c8cd1a,SP
seller_id_85748f366823dc72,SP
seller_id_85a96916990729ba,SP
seller_id_85b8313c6b1a0d35,SP
seller_id_85bdd6fb4059c646,PR
seller_id_85cd080d6dee1d69,SP
seller_id_85cf3bb98d448047,RJ
seller_id_85ea7f717c306de4,SP
seller_id_8600809f3af9b711,SP
seller_id_8601d50241f439ad,PR
seller_id_8610b2bfac5868be,SP
seller_id_86285da3ea929313,SP
seller_id_862f3d8bc7ba2bb3,SP
seller_id_8632366ef10a4bc3,SC
seller_id_86425165c850a16c,SC
seller_id_864fc037145d5712,BA
seller_id_867fe860418019e5,MG
seller_id_8684bf2ee7c1449c,SP
seller_id_86add7db6970146d,MG
seller_id_86bc43d5d8612fc8,RJ
seller_id_86c1c55026d6d5ea,SP
seller_id_86c73b4339921208,PB
seller_id_86ccd59181c97b1d,SP
seller_id_86d529cea521dc47,CE
seller_id_86e0ac788311e588,SP
seller_id_86ede6c713ed8a4e,SP
seller_id_87014e6010880f7c,PR
seller_id_872bfcfb67def0f0,RS
seller_id_872f8066b6c6b724,RS
seller_id_8795eb3709ab0059,SP
seller_id_87aa8448011be8df,SP
seller_id_87c4d34cf60388d4,PR
seller_id_87c693415e0d75cf,PR
seller_id_87ffa0e94703e0a0,PE
seller_id_881d065590bb12cf,SP
seller_id_88548c327ece35f0,SP
seller_id_885a95ab871e7d35,SP
seller_id_8864ee6fcff4000d,PR
seller_id_88be6ea340ddd826,MG
seller_id_88d0d5ae9696e419,SP
seller_id_88eb9d6f4bf84fd5,SP
seller_id_88f13e9b5a9e0774,SP
seller_id_88fbefa9b087c783,PR
seller_id_88fe84f9085239be,SP
seller_id_8903841cb29e9743,PR
seller_id_890961eeaa5ed098,SC
seller_id_89183bbde7528910,SP
seller_id_892b22352aac3157,SP
seller_id_892e6a3d694021a8,SC
seller_id_894e71a187326280,SP
seller_id_895b210b3ad8b093,SP
seller_id_89652185eba857d9,SP
seller_id_899495a064f1e93d,SP
seller_id_89b8b97e066d92f6,SP
seller_id_89be118687010450,SP
seller_id_89eccc4012c93364,SC
seller_id_89f141b801ebde7e,SP
seller_id_89f640ff644771e6,PR
seller_id_8a2fa5d078452a7a,SP
seller_id_8a4044140da8bad8,SP
seller_id_8a55ffd29f48f5d6,SP
seller_id_8a5c486251a949f2,SP
seller_id_8ac90e5e8d737a0f,SP
seller_id_8ae9dae8fd8427f0,PR
seller_id_8aec84fc384b1c02,SP
seller_id_8b080752588496d1,RS
seller_id_8b168018bb791c51,SP
seller_id_8b392c26b49a1686,SP
seller_id_8b437d710faa7e1c,DF
seller_id_8b45d42aee41d8a3,SP
seller_id_8b5ff01d892cd20f,SC
seller_id_8b6259c3824810bb,SP
seller_id_8b7e34c38253819a,SC
seller_id_8b84d8708835501a,SP
seller_id_8b85ea6070e1bd34,SP
seller_id_8b8fc91542d212b0,SP
seller_id_8b96dac5e56d8f1e,MG
seller_id_8b99c72bbdd37dcd,SP
seller_id_8bc571f30760167e,PR
seller_id_8bf799e68743ee59,SP
seller_id_8bfca8a4ef9a40d4,SP
seller_id_8c08a040618e1dc6,SP
seller_id_8c37bdfcc96f777d,SC
seller_id_8c7f86fdebdcb2a2,SP
seller_id_8cbe93c890afc8d8,SP
seller_id_8cbeecd9a6ca37bd,SP
seller_id_8ce40a5888133958,SP
seller_id_8d18257c4bff0b10,RJ
seller_id_8d464ddc95cd79c6,PR
seller_id_8d4b3cf2bc7bdfd7,SP
seller_id_8d4c41bcbf5b61f2,DF
seller_id_8d5b261a71f156af,SP
seller_id_8d7835054e18b0af,SP
seller_id_8d91c3f159edcd72,SP
seller_id_8d9ac13a556137cd,SP
seller_id_8dee4e4979771b51,SP
seller_id_8e00b4d110eb56f7,RS
seller_id_8e129b89608a0ce7,SP
seller_id_8e15517152579b0f,SC
seller_id_8e38864971818fc8,PR
seller_id_8e3f3c8282a95fcb,SP
seller_id_8e4f68318657d4bf,CE
seller_id_8e65fc2dd26deba0,MG
seller_id_8e8636d5bfb5451c,SP
seller_id_8e985258d0860853,GO
seller_id_8ea7f9808e77d55a,ES
seller_id_8eaf697944606b96,SP
seller_id_8ec0e3aa81819413,SP
seller_id_8ecaa5820a8e0e2a,SP
seller_id_8ece54f10352101c,PR
seller_id_8efe7697279f3127,SP
seller_id_8f08a8d2afa94fb7,SP
seller_id_8f0d6fa0f716316c,SP
seller_id_8f21d660f537fa68,SP
seller_id_8f386dcc27fc1f11,SP
seller_id_8f60ddc42c6d3fad,PR
seller_id_8f69e6e3bb9d0622,SP
seller_id_8f7309522cfd4674,PR
seller_id_8f8cce648dd97ccb,SP
seller_id_8f99446dcb1f2729,SP
seller_id_8fa0b3670673de6d,SP
seller_id_8fa9addaa7166f48,SP
seller_id_8fe6eb71d4da37b1,SP
seller_id_90086f9043c6e757,SC
seller_id_901f008f169a3664,SP
seller_id_902360166ec31e8d,SP
seller_id_9035f08011027b30,SP
seller_id_905fa7495e756ebf,SP
seller_id_90637613ba31ce07,PR
seller_id_9067b49867592173,PR
seller_id_906e4042fac01279,SP
seller_id_9074bc46cc4a2e47,PR
seller_id_908ed0a7fc12fb79,SC
seller_id_90c3bb66f1a171f8,SP
seller_id_90ca0aecd8581297,SC
seller_id_90dddaa2c534366f,SP
seller_id_90ded06ee70da5d6,SP
seller_id_90ea6427313927df,SP
seller_id_90f03f913d343d49,SP
seller_id_90f0905d99fbf980,SP
seller_id_911d5f258e3dd711,SP
seller_id_916d61cd6dd46bc4,SP
seller_id_9173e4b4313b66c2,SP
seller_id_9186b501ceee3079,SP
seller_id_918f4cee5af9b405,SP
seller_id_91a9d3a9aa31f711,SP
seller_id_91b9066ce06640e5,SP
seller_id_91b91784836f03d8,SP
seller_id_91ba0cfa864940f9,MG
seller_id_91e36ec28a0d4e9a,SP
seller_id_91ee31a6f4011ec3,SP
seller_id_92006911bf14ec03,SP
seller_id_9252b54d15e24788,PR
seller_id_925ec784171887c7,SC
seller_id_926bf098947de456,PR
seller_id_927025ba0ce3db09,RS
seller_id_92732961b8798fd8,MG
seller_id_92818d0d606399db,RS
seller_id_92830220ad06850d,MG
seller_id_928c1616293911a0,SC
seller_id_92961d6755efee52,SP
seller_id_92bcb5e02bb8cbc7,SP
seller_id_92c127773a87895f,MG
seller_id_92c2d9916827dc89,SP
seller_id_92c9fdd57ad9a020,RS
seller_id_92d3c455cc3969b5,RN
seller_id_92f9969729009251,SP
seller_id_9308ce7a749b47d6,PR
seller_id_931f2ebaba12292f,SP
seller_id_933b45b4b12e6e86,SP
seller_id_93464f594f73b31b,SP
seller_id_9348bb89bb1eff52,SC
seller_id_936cab273d2a2c2a,SP
seller_id_938fdaa63b7a8635,RS
seller_id_93989f32821c572c,RJ
seller_id_939d4fb6c8da2eda,PR
seller_id_93a416d053105e01,SP
seller_id_93c9b9742e0b9a1d,MG
seller_id_93e5341854b35757,SP
seller_id_93e86b3b4b53a12c,SP
seller_id_93fb2c32010ac70f,MG
seller_id_94185a05d0563c67,SP
seller_id_94285f59ebcf2255,SP
seller_id_947f375b585feb33,SP
seller_id_948d2edac74f4a6f,SP
seller_id_949464facf4509d0,SP
seller_id_94d65197f6a2d722,SP
seller_id_95097ac1fa2abc6c,RS
seller_id_9523d880238a0753,MS
seller_id_95294a97ced18182,SP
seller_id_955407c456df823f,SP
seller_id_955c1e9f00b3b6d4,SC
seller_id_9594a73b47c3c6c9,SC
seller_id_95a46db1193ac33d,PR
seller_id_95a7c3a7e8cf5f8b,SP
seller_id_95be1361805a384a,PR
seller_id_95d139c48faba219,SP
seller_id_95f2b08d9d7e2265,PB
seller_id_95fecfdfbd1d99eb,SP
seller_id_960202a13478b6da,SP
seller_id_9603a5ff2b595b6c,SC
seller_id_9627e3a60562a26e,SP
seller_id_9629be974c0d9288,SE
seller_id_962bb3a249a5c1a3,MG
seller_id_967e99761e59b69b,SP
seller_id_96819845ab824a88,SP
seller_id_96baea284f935b19,ES
seller_id_96dbc4271c4d7ea7,SP
seller_id_96e25e0072595b1f,SC
seller_id_96e4a5b0681e57c1,SC
seller_id_96eeac3ec36b1bcd,SP
seller_id_96f5727723f66a8f,SP
seller_id_970277eb5014ffb2,MG
seller_id_970b9c9b22cbd761,SP
seller_id_9717af3a53c29d53,SP
seller_id_973b318aeda6ebdb,SP
seller_id_973fb043b5910d6f,SP
seller_id_97481af85d6969c1,SP
seller_id_9775cba4352383fa,PR
seller_id_979dcfc6c64bd416,SP
seller_id_97a9d1c736f6ff2e,SP
seller_id_97b6244801752dc3,MG
seller_id_97d42ab8f0e8d912,SP
seller_id_97fe7dcfc5841cbc,SP
seller_id_9813204c364f5305,GO
seller_id_981a9ea4d31617e0,GO
seller_id_9852e06b608e7a10,SP
seller_id_9867ec6cf64ad367,SP
seller_id_9887b5e4f0bef5a5,SP
seller_id_989089b3ccf1257e,PR
seller_id_98b3e2ab5f49128e,SP
seller_id_98b4dd372c4b98af,PR
seller_id_98e5f839a60c64d8,DF
seller_id_9907b9d617f4d72f,SP
seller_id_9907d5a1ded97250,SP
seller_id_9915caf8f0af0ecc,SP
seller_id_99173b69e63e53cb,SP
seller_id_992f9ef4e55e95b1,SP
seller_id_994d4346722d8acd,SP
seller_id_995773c1139c0b4b,SP
seller_id_995a6764cc7af6b4,SP
seller_id_9970370ed374ddc1,SP
seller_id_99767871480f8717,PE
seller_id_998fe3e69c5df3a6,PR
seller_id_999bf7721c4a8f0a,SP
seller_id_99bcb4b7582678cb,MG
seller_id_99c00ea9042cb8cf,GO
seller_id_99e5e68fbd05a665,SP
seller_id_99f932f7e9c4e864,SP
seller_id_9a08bdd9b79db46d,PR
seller_id_9a0a9652feda965b,SP
seller_id_9a0c59f7724ea102,SP
seller_id_9a25f44167c29e3a,RJ
seller_id_9a3f33758d4c5d47,SP
seller_id_9a3f4495baff3dc0,SP
seller_id_9a53d6edd165d6a1,SP
seller_id_9a97c89bf636c9c7,SC
seller_id_9a99c03344cc07d5,CE
seller_id_9ad9df9c40b6822a,SP
seller_id_9af84d739be00ebf,SP
seller_id_9b143cbc1e90326e,SP
seller_id_9b1eba9e592970ee,SC
seller_id_9b259f701f6086c4,PR
seller_id_9b2644519a9a4350,SP
seller_id_9b2ed3643433ed10,PR
seller_id_9b4e190b1f75227c,SP
seller_id_9b549c8f1023dfdc,SP
seller_id_9b5b374436a0688b,SP
seller_id_9b65fef25f019f23,SP
seller_id_9b7c6d7e18338c6e,RJ
seller_id_9b81cf486608654a,MG
seller_id_9b887519a23a8dc2,PR
seller_id_9b9f60a699ab655c,SP
seller_id_9b9f8941da1c8e2c,SP
seller_id_9baaf412008695ad,PR
seller_id_9baf978947c9f3f2,SP
seller_id_9bb04d0fd1f55f0f,SP
seller_id_9bbd413ec7717d7e,SP
seller_id_9bd18e0c32451472,MG
seller_id_9beff4b320ec0af8,SP
seller_id_9bfe15a54835f05a,SP
seller_id_9c1a61de00883959,PR
seller_id_9c2a1a9dfd8dbed3,SP
seller_id_9c2b0e3cf270eb3c,SC
seller_id_9c554c43a5ff39a3,SP
seller_id_9c5b6f815bbcd435,SP
seller_id_9c66c78c97b9810e,SC
seller_id_9c67986a7df6e5cd,SP
seller_id_9c8891b68c50bfe3,SP
seller_id_9c8cd9245021a6a4,RS
seller_id_9ccc74908d1ebec8,PR
seller_id_9ceaab5fbcf08f8c,SP
seller_id_9cf6242514eeb49c,SP
seller_id_9d261cbfaa40acf6,PR
seller_id_9d32debc97521718,SP
seller_id_9d3e4e26cb432fbe,SP
seller_id_9d612e592f0e9e52,SP
seller_id_9da195e3e619dc68,SP
seller_id_9db66b4eb8b0e457,SP
seller_id_9dba28dec5f4df68,PR
seller_id_9dc2aac90c418fb9,SP
seller_id_9dc3f8289db3d39a,SC
seller_id_9de9a6caf1abbe34,SP
seller_id_9e05dd9ac85ac4d1,SP
seller_id_9e48f41b34e62c97,SP
seller_id_9e4aea1c9eee0609,SP
seller_id_9e64198fd9ce85f5,SP
seller_id_9e6af8fd94afee6f,SP
seller_id_9ed211cf286a7c64,SP
seller_id_9ed79f8b8a1d6591,MG
seller_id_9f1f36e565da0f05,RJ
seller_id_9f37f46395f12318,SP
seller_id_9f4234b8c42dcd39,SP
seller_id_9f561abb1001ea86,SP
seller_id_9f7e480ca315d07d,SP
seller_id_9f9367cb7dbaa9a9,SP
seller_id_9fa0a9ea869a7930,MG
seller_id_9fb28d6ee548602a,SC
seller_id_9fc69416692ca978,SP
seller_id_9ffdfaafe537a013,RJ
seller_id_a0183c0f4ce06362,SP
seller_id_a0393182c8b5dd8b,RS
seller_id_a05734a298fa0389,SP
seller_id_a0592329bc89b3f4,SP
seller_id_a07053f2c9377b5a,RS
seller_id_a07a3b00316b802d,SP
seller_id_a0836bf374eb4f4b,PR
seller_id_a098eebfe2ade814,SP
seller_id_a0b16a9877c8d4e2,GO
seller_id_a0b367cb02aca7dd,SP
seller_id_a0cfb52815b770ad,SP
seller_id_a124febcd977733b,PR
seller_id_a137fc70b7c25a2e,SP
seller_id_a13acd72c4626947,SP
seller_id_a144cae49eac917f,SP
seller_id_a150deb180007f7c,SP
seller_id_a164485e2a159759,SP
seller_id_a167dbaf924d614c,SP
seller_id_a176111fb55fa6a5,SP
seller_id_a17c0d9fbb3a7f64,SP
seller_id_a17c0f66168f9c5e,PR
seller_id_a18f4ead00fb769c,SP
seller_id_a199a62213dabbfd,SP
seller_id_a1d92e70886a697c,MG
seller_id_a1dfcb7b76a88bd3,SC
seller_id_a1f71cf30251afa2,RJ
seller_id_a20cc9149ba2e128,PR
seller_id_a21281536b6c2193,RS
seller_id_a2253e6e31f8c9d5,SP
seller_id_a23aa3103bdb01fb,SP
seller_id_a24d2e88daaa724d,PR
seller_id_a2510be8c5c49944,SP
seller_id_a27b91d7e9b5f8ce,PR
seller_id_a291816e2a95c235,BA
seller_id_a2986acac1beae6b,SP
seller_id_a2be644f4c9dd9fa,RJ
seller_id_a2c30c2a9e6c02ab,SP
seller_id_a2d4958a1ddbe9cd,SP
seller_id_a2eb767e555c5e87,RJ
seller_id_a300633709d2015a,SP
seller_id_a3084cfcd6b88f62,SP
seller_id_a31305eb832531ed,SP
seller_id_a31f0f62dda2beb0,PR
seller_id_a32fb19ea2d3a42d,SP
seller_id_a339487bce00d6a9,PR
seller_id_a3428d6f136b23bf,SP
seller_id_a364c17f8335f175,MG
seller_id_a367ccebda47b73d,SP
seller_id_a369f24624631a28,SP
seller_id_a37eb495c67585f6,SP
seller_id_a38b1c116c3aa7a9,PR
seller_id_a38c3f4919796b62,MG
seller_id_a38cb8c4b33e8b9a,PR
seller_id_a39f2ea851a37aac,PE
seller_id_a3a8ed15acec57f5,SP
seller_id_a3bbdd74d354158b,SP
seller_id_a3c15c8aaf98e5d9,RJ
seller_id_a3e757166dd9b28e,SP
seller_id_a3f49422cabb9905,RJ
seller_id_a4272be3d5f665ec,SP
seller_id_a46801917c34a4d2,SC
seller_id_a4d59835350a51ee,SP
seller_id_a4e7891f55d28c64,SP
seller_id_a4ebfc47f59d9379,RJ
seller_id_a5087b273399494d,SP
seller_id_a50d91a6a7dc0e87,SP
seller_id_a5188cc9696ec11b,SP
seller_id_a5691846e27822f3,MG
seller_id_a586cd81436c27f4,MG
seller_id_a59cba940eae3fa4,SP
seller_id_a5c4e31f526540b0,MG
seller_id_a5e6a9b937061b0d,SP
seller_id_a5fb42341d11ec16,SP
seller_id_a5fcb99351ed6693,MG
seller_id_a61a13b290d87c97,SP
seller_id_a61e1f19ec27faff,PR
seller_id_a621b302299a0e21,SP
seller_id_a639393e8c176e5a,RS
seller_id_a63be2ae445f3310,RS
seller_id_a669c87811536f64,SP
seller_id_a67e7d7131f726e5,SP
seller_id_a690d7dbfafe7fed,SP
seller_id_a69773f2fd68d1ea,SP
seller_id_a6aa714130d939fb,PR
seller_id_a6af124163b28b4b,RJ
seller_id_a6b5a16a59d54f6e,SP
seller_id_a6e91dbaf19c83d4,RJ
seller_id_a722c2f70e2f522f,PR
seller_id_a73019703606d7e9,SC
seller_id_a743bd67fc06065d,SP
seller_id_a74dcfea3e3b3290,SP
seller_id_a77de8edbc6491b9,SP
seller_id_a77ed18d7ad05692,SP
seller_id_a7859d3d27b7dcc5,SP
seller_id_a7bb4a0b58778b96,SP
seller_id_a7c8b99654320c13,SP
seller_id_a7ca0483ff821b3a,SP
seller_id_a7d0b46c5d542a53,SC
seller_id_a7d19fb1f05cf569,SC
seller_id_a7ddb7bd0a05f327,SP
seller_id_a7de863c7f700329,SP
seller_id_a7e78919dece08aa,SP
seller_id_a80c96e5e3fc9dd4,MG
seller_id_a847fa061933be27,SP
seller_id_a85149855c934c59,SP
seller_id_a85c868156e5b930,SP
seller_id_a86668daaeb4ceee,SP
seller_id_a866babaac49d89f,SP
seller_id_a866ff6790c0868a,RJ
seller_id_a86a3846bed5d5ef,RS
seller_id_a86dd7206bd43f10,SP
seller_id_a88ac84e121645d5,SP
seller_id_a8989e407d9e7b25,SP
seller_id_a8b020962f57ead4,SP
seller_id_a8b33af392764d9e,PR
seller_id_a8e8070372b431a4,SP
seller_id_a8ea3b578c763e69,SP
seller_id_a8ea4b1b158389fd,SP
seller_id_a8eba94b47731379,SP
seller_id_a8fc9efc801dc8c9,SP
seller_id_a9018eb1a997d563,ES
seller_id_a91006ebe605c24a,SP
seller_id_a927ae63461415b4,MG
seller_id_a95c2eee60c8253a,SP
seller_id_a964f577b04a3739,SP
seller_id_a9e7fba43f993578,AM
seller_id_aa07ab2609ce044a,SP
seller_id_aa1eb8890a1ff947,SP
seller_id_aa23a32d88f7b974,PR
seller_id_aa8ce636e5f8b5ff,SP
seller_id_aaa686007831f6b8,PR
seller_id_aabaf909185a2027,SP
seller_id_aac32a627eeaebe1,SP
seller_id_aac43b1d6ffd0187,RS
seller_id_aad50dcdbf73ea60,PR
seller_id_aad915c8bced2293,SP
seller_id_aadac5a6c5a8991c,SP
seller_id_aade150c2bec88b9,SP
seller_id_aae85be5633093d0,MG
seller_id_aaf160a802155a8a,MG
seller_id_ab0179e6a2fc5a06,SP
seller_id_ab57a4d3f0e0dab3,RS
seller_id_ab61586a47675661,PR
seller_id_ab650c0cad53ece0,SP
seller_id_ab6db095e04e52e4,SP
seller_id_ab8b816b8e3df634,PR
seller_id_abb4e0058216cbcf,SP
seller_id_abccdd4ada612d16,SP
seller_id_abcd021fb19331a9,SP
seller_id_abd0dead57bc3f5b,SP
seller_id_abf60a57d98d2fdd,SP
seller_id_abff25d1699abbfe,SP
seller_id_ac09c8b0a2e71295,SP
seller_id_ac0e5807c71595af,SP
seller_id_ac219f92d1d119f8,SP
seller_id_ac24fda7b224df2e,PR
seller_id_ac337a21c3f99656,PR
seller_id_ac3965263aba3058,SP
seller_id_ac449645ba7fdbae,SP
seller_id_ac472de6536474bd,PR
seller_id_ac7bdccc8a2bd169,RJ
seller_id_ac7dd366a540f9e0,SP
seller_id_ac816885665deb92,RJ
seller_id_ac827039d8463026,RJ
seller_id_ac86ab2bb51444f9,SP
seller_id_ac8f476bcc9fbdcb,MG
seller_id_accaca1c69041dd6,SP
seller_id_ace06a31b9541da1,MG
seller_id_acf17ba132158c67,SP
seller_id_acf62b9299f62cae,RS
seller_id_acfea7a4801394e2,RS
seller_id_ad02f58f6e0e9804,SP
seller_id_ad0958406d703d87,PR
seller_id_ad1e578ca69133b0,SP
seller_id_ad53b3884586c66e,SP
seller_id_ad60da921944ad26,SP
seller_id_ad82ee052fdb56ce,SP
seller_id_ad8d9e13d6c28a4f,MG
seller_id_ad94a82356d4ec61,MG
seller_id_ad95059c60f7b38d,SP
seller_id_adb528f0ead1f341,MG
seller_id_adb5afe67c659791,SP
seller_id_adc4cdbcfb9510aa,SP
seller_id_add65e46542fc9b1,SP
seller_id_ae05533fedb84cfd,SP
seller_id_ae37ba116d09a749,SP
seller_id_ae3968b7c72ba2e3,SP
seller_id_ae3aaf1343e8cf44,RS
seller_id_ae3d01b74b1d3514,PR
seller_id_ae56586f37c8e507,SP
seller_id_ae75fab45bfb6f08,SP
seller_id_ae9509afa89e36dd,PR
seller_id_aea226e93efb709f,RJ
seller_id_aed0cfd7933f8309,SP
seller_id_aed837ba9616ae5b,SP
seller_id_aedc84c6d6572dd8,SP
seller_id_aedd0010724eabb0,SP
seller_id_aeeb7a941e11c2fb,SP
seller_id_aeef4af47f5f7285,SC
seller_id_af1a251e07c5a432,RS
seller_id_af3e99da3ee3c91b,SP
seller_id_af47a2373431b870,BA
seller_id_af541c0f8619374a,PR
seller_id_af77197769a431d3,SP
seller_id_af791b29d21a21c5,SP
seller_id_af98817c35488d8a,MG
seller_id_afbf24ebfb0a9912,SP
seller_id_afc482eaf02b0b76,SP
seller_id_afcb9b7b28409351,SC
seller_id_afcdc877e7b41aac,MG
seller_id_afd68af631ac4d08,SP
seller_id_afe9ead04705ad66,SP
seller_id_b016d91648dddf1c,RJ
seller_id_b02a64646f419fba,PR
seller_id_b02e891549b2db48,SP
seller_id_b05025a938101817,PR
seller_id_b057c6cee6849ad4,SP
seller_id_b082c8346c6f6f32,SP
seller_id_b0a63e82ba5888b3,SC
seller_id_b0b1f73fd2eec85f,SP
seller_id_b0b8f4faf814eb08,MG
seller_id_b0cb1715fb14a43e,RS
seller_id_b0f379c8ce52da0e,SP
seller_id_b0f80b2b3016edad,SP
seller_id_b10bdb4d5e52b78d,GO
seller_id_b12d30e1ca1fff18,BA
seller_id_b12f6294badc3751,SP
seller_id_b1441d3ba0c46053,SP
seller_id_b1534414d60f272a,SP
seller_id_b163ad2ce0465a81,PR
seller_id_b17cb9cf097af917,MG
seller_id_b1bb117877d13944,RJ
seller_id_b1bc2a93daf44bca,SP
seller_id_b1c4da27b7184f60,ES
seller_id_b1d3c69b61efeef7,PR
seller_id_b1f4b4675d8437eb,PR
seller_id_b2077fe75f088c4f,RS
seller_id_b20c6538f90a8e3d,RS
seller_id_b21019e42ca36822,RJ
seller_id_b21a62f9da2ba075,SP
seller_id_b249a5ba001721f9,SP
seller_id_b28173679416c37f,SP
seller_id_b2834bf4ce8e7f6d,SP
seller_id_b29f0f73199b0008,RS
seller_id_b2a42696f0248dbf,SC
seller_id_b2adcdea2fc0f3e6,SP
seller_id_b2d36f01f4f83306,SP
seller_id_b2d37caef0fcdb41,SP
seller_id_b2e6a0ea6e143c78,SP
seller_id_b31833b357476fab,SP
seller_id_b31d8408c60f6c33,RJ
seller_id_b33794a6110c5484,SP
seller_id_b3607fb300c3ac2f,RO
seller_id_b3af2bc5ed4ec37a,PR
seller_id_b401a2e95a661222,SP
seller_id_b42d2f904cc73c7b,MG
seller_id_b4342a5647a7e6d1,PR
seller_id_b44d0d089302f52d,SP
seller_id_b45e0244483927b1,SP
seller_id_b46da264e6fe230b,RS
seller_id_b48fda586052af84,GO
seller_id_b4a04e1664d88cf7,PR
seller_id_b4ba7a238f47fa4d,SP
seller_id_b4cd810f14f52dfc,MG
seller_id_b50e6fb5f6f67902,SP
seller_id_b530495330c47278,SP
seller_id_b542068088df51f4,PR
seller_id_b54f2c605244ac8f,DF
seller_id_b570d2213f44f297,SP
seller_id_b58b1403a62d0833,SP
seller_id_b58ce7d8150c2c2a,PR
seller_id_b5908eaddd8977ed,SP
seller_id_b59bea8ada95f41d,MG
seller_id_b5c6fc9488f0c4f9,MG
seller_id_b5daabe3a0fa0ad9,SP
seller_id_b5f8abe2470d1d95,SP
seller_id_b624bbd4bfeb41f2,PR
seller_id_b62998517b80a425,SP
seller_id_b64bfe31e20e4a55,SP
seller_id_b64ee5fa86838e8f,RS
seller_id_b691b8ba3ccdbbe0,RS
seller_id_b6b93b00834a4bd0,SP
seller_id_b6bab20caa0fdb0f,SP
seller_id_b6c2a6d363f5505c,SP
seller_id_b6ca68f5ff04a758,SP
seller_id_b6dd9c3e4acc76cf,ES
seller_id_b6fe3c494656a97e,RJ
seller_id_b700595f588ac174,SP
seller_id_b704ed683f34db51,SP
seller_id_b72b88139a9f5f6c,MS
seller_id_b73cd7f2f7280457,SP
seller_id_b7501d4b87522ebc,SC
seller_id_b759322fda6c86e9,SP
seller_id_b7749bd5eb03c861,SC
seller_id_b78e239e60e717c3,PR
seller_id_b7a2dcd144891366,SP
seller_id_b7a9709f83216400,SP
seller_id_b7ae09bd6305df7b,SP
seller_id_b7af12ed52cc3153,RJ
seller_id_b7b051301ac02cf0,SC
seller_id_b7ea2745d4619993,RJ
seller_id_b7ec5b9189194c92,SC
seller_id_b802e1c99b109505,SP
seller_id_b80d59734201cb28,SP
seller_id_b81fa42d24b74480,SP
seller_id_b8391116b762aad5,RS
seller_id_b8465dc8a9c537f9,MG
seller_id_b853e2a73469c2d8,RS
seller_id_b875379dee18443c,SP
seller_id_b884f6148356e720,SP
seller_id_b890c45093f85eb8,MG
seller_id_b89349676e196b17,SP
seller_id_b89a036b95600212,PR
seller_id_b8a3d11fa4d39245,SP
seller_id_b8aec9338369236f,CE
seller_id_b8fb7946c13a9752,SP
seller_id_b915ca4eb132e3c8,SP
seller_id_b95754eeb8a49ad5,SP
seller_id_b957826e1788f6dd,SP
seller_id_b95a6c2490149447,SP
seller_id_b96dcfa4a662a4a8,SP
seller_id_b999938abf083304,SP
seller_id_b9d97fd0cf60f6d0,SP
seller_id_b9ecaf8350b171d1,SP
seller_id_b9ee0301deb99b92,SP
seller_id_b9eec5451d512446,SP
seller_id_b9f5898f74237b76,SP
seller_id_ba050c729b2f491c,SP
seller_id_ba199e5944106cb4,RS
seller_id_ba34ab022a5ced05,SP
seller_id_ba3ca3da43ddcf4a,SP
seller_id_ba528a3707d4c392,PR
seller_id_ba52fc40bc22a72a,PR
seller_id_ba63d4cef32ebbf0,MG
seller_id_ba7319d5fbaf99e3,SP
seller_id_ba77722400ad7c37,SP
seller_id_ba78dc2b571d41ab,SP
seller_id_ba955cbc8b8ad413,SP
seller_id_babcb447cba34ef9,RJ
seller_id_baccf9fda4e27f0c,SP
seller_id_bad048ed95a14bbf,SP
seller_id_bb13077012b696ea,SP
seller_id_bb1d0c6db37a02de,SP
seller_id_bb20f3c157fb0509,SP
seller_id_bb36a919d02429f0,SP
seller_id_bb4ff87c53dfd244,RJ
seller_id_bb57f9766e56d35c,SP
seller_id_bb8548492aa3c2f7,SP
seller_id_bb91d9a5e2c35524,PR
seller_id_bb92b507f4b6018c,SP
seller_id_bb9ac6a8252ca6e3,SP
seller_id_bb9f9f13e31c2f03,SP
seller_id_bbb82694f976ed3a,DF
seller_id_bbd290fed117e792,SP
seller_id_bbdf24fe70c494f2,SP
seller_id_bbe97daecc1dffbf,SP
seller_id_bc0025776e0d1996,SP
seller_id_bc438a6dc411468e,SP
seller_id_bc5bc9bb2895ef6c,SP
seller_id_bc737d2b72767ef6,SP
seller_id_bc7ffb2748ed3b1d,PR
seller_id_bcdf673e6e2ecb4d,SP
seller_id_bcf141adbf4d2e8b,SP
seller_id_bd0b265452965f70,RJ
seller_id_bd1618f6d0819ceb,SP
seller_id_bd1d8bf63ff651df,SC
seller_id_bd24dfb1743fc063,SP
seller_id_bd2cf84a82943596,SP
seller_id_bd31b1670c785f6f,SP
seller_id_bd3ede63f580e9e4,SP
seller_id_bd48516220aa77ba,SP
seller_id_bd4998ed9ad598a8,RJ
seller_id_bd8feb139919bb31,SP
seller_id_bd910a217108a1a1,SP
seller_id_bd927fa7de806427,PR
seller_id_bdc098b09301ea68,SP
seller_id_bdc9dd778fb6b73e,SP
seller_id_bdd2d8136113f418,SP
seller_id_be0080d2542ab861,SP
seller_id_be29f2ef7dfb446e,PR
seller_id_be2e7b258956eb99,PR
seller_id_be36aa11c467f3f5,SC
seller_id_be550c68c914dba4,MG
seller_id_be5c164245cba53f,SP
seller_id_be8d46661ec76d49,SP
seller_id_bea7bc88c5b59037,SC
seller_id_bed28df10d6fb4bf,RJ
seller_id_bef208c1995d3f96,SP
seller_id_bef2c1bb32ee97b7,RJ
seller_id_befe8a7035656ac4,MG
seller_id_bf51fe2dd5a7852e,SP
seller_id_bf76eedb4a2e7f56,SP
seller_id_bf842f892b56114e,PR
seller_id_bfad7c46f4395cab,SP
seller_id_bfb540dc067b559e,RJ
seller_id_bfd8316b22fd36dd,RJ
seller_id_bfddbfafe4ac533e,SP
seller_id_bffe2c1b6dac3c4d,RJ
seller_id_c00403773e3e7d03,SP
seller_id_c01013b4bc85c94c,SP
seller_id_c01d2b49ba9e64c7,SP
seller_id_c068145a7c3ffe9a,SP
seller_id_c07ec8d313d68811,SP
seller_id_c090721bd5b241a9,SP
seller_id_c0ad5963badd56a9,SC
seller_id_c0c0bf403fd22858,SP
seller_id_c0d43769b810c9ad,SP
seller_id_c0e0c0c7dfcbb359,SC
seller_id_c10a72d6cfd1762b,PR
seller_id_c13a884c888d34ee,PR
seller_id_c14092f043dc5f6d,SP
seller_id_c169c04a5090df51,RJ
seller_id_c182f68e413f5ed9,SP
seller_id_c1eaaeac7e3b8c89,PR
seller_id_c208a57633a122ef,SP
seller_id_c20b7604c67b7da8,SP
seller_id_c21d8d67e5bd762a,SP
seller_id_c223f11fa890a633,SP
seller_id_c22fbda01857494e,SP
seller_id_c230857cdd14036d,MG
seller_id_c24994b7aeeb2104,SC
seller_id_c2620d2e91b22bc4,SP
seller_id_c281311ba2673207,SP
seller_id_c2897cfd042211b4,SP
seller_id_c28cd45db0dec936,SC
seller_id_c2a670ea51cae13c,SP
seller_id_c2a6a5dfe51d401e,SP
seller_id_c2abd42c8e8e0293,SP
seller_id_c2c121ba0f31f1b0,PR
seller_id_c2c401579040919a,SP
seller_id_c2c5951f3d448017,MG
seller_id_c2d919c1a9363ce9,SP
seller_id_c2daa00c51a89a4f,SP
seller_id_c2dadbe3daadfcc9,RJ
seller_id_c2f15d9defed1552,SP
seller_id_c301a2f2afc3bbca,SP
seller_id_c30f4919c560ad62,MG
seller_id_c31085c2a21edbaa,SP
seller_id_c32575c7d6c501fe,PR
seller_id_c33937f2ef7d1f09,SP
seller_id_c33c33fd6cd3dde6,DF
seller_id_c355de3ccb5c9b8f,SP
seller_id_c35e544129f7e2f2,ES
seller_id_c377c8685013b142,SP
seller_id_c3838a93aa43678a,PR
seller_id_c38496930f2826a1,RS
seller_id_c388d01be6453a56,SP
seller_id_c38ede17283e1f1a,SP
seller_id_c3a5bedb2a93474a,SP
seller_id_c3ab6b3b786268ff,SP
seller_id_c3c3a95f97f21cba,SP
seller_id_c3d8b450fcf64cf9,SP
seller_id_c3ec7ab3bf59455a,SC
seller_id_c42efb540685c74f,SP
seller_id_c454c06e383f93ef,SP
seller_id_c462ed13f0a3257a,PR
seller_id_c46934cfc2714fca,SP
seller_id_c4893387d38d7d83,SP
seller_id_c48a19e7407affbf,RS
seller_id_c4ada72e94698162,SP
seller_id_c4afbcdb864ab0e6,SP
seller_id_c4bc3e35eb6105bd,PR
seller_id_c4cc889ba47df5c9,SP
seller_id_c4de2b938230147b,RJ
seller_id_c4eaaf30b014b6f1,SP
seller_id_c4efe64a118d453d,PR
seller_id_c50312f86524d509,SC
seller_id_c51676d9170b9020,SP
seller_id_c51cb971bccfd607,BA
seller_id_c52b2dc848f4a517,ES
seller_id_c55381a94cc07373,SP
seller_id_c58becfe4600562b,SP
seller_id_c59883f6aaf68280,SP
seller_id_c5aa84ccd13480b1,PR
seller_id_c5c9e9c027b1c07d,SP
seller_id_c5e8a2bc501aba7b,SP
seller_id_c620d148dc0e645c,MG
seller_id_c633aadbb55c1308,RJ
seller_id_c64e333d25179ef2,MG
seller_id_c6547bb6a173bb42,RJ
seller_id_c69d9be4a8bc4f7b,PR
seller_id_c6a56421c2025c4e,SP
seller_id_c6b5c685a4e25ab9,SP
seller_id_c6c2de4e5a634c47,SP
seller_id_c6e7e5aac0f23d2d,PR
seller_id_c6f24e28b6109ae6,SP
seller_id_c738121ae6608110,PR
seller_id_c76837de60e44cfc,ES
seller_id_c792ba03fc5b1b2c,PR
seller_id_c7986ee4d5ce3ad0,SP
seller_id_c7a08625b18f97fc,SP
seller_id_c7a5e049b21c2544,MG
seller_id_c7afd98e45c62ff1,SP
seller_id_c7b19fa5ccd68c6f,SP
seller_id_c7bb73607116d694,SP
seller_id_c7d13e2ed34d1303,SP
seller_id_c7df5f864f12c580,GO
seller_id_c81deced65dfb992,MG
seller_id_c8575cf9db17d6ee,MG
seller_id_c86dee358ec814db,SP
seller_id_c8ae826101e28365,RJ
seller_id_c8c7cea6405e9b19,SP
seller_id_c8c8409a97d6cbb5,SP
seller_id_c8debeda75d5c865,SP
seller_id_c8f3958671f5c955,RJ
seller_id_c8f395be66616e32,ES
seller_id_c8f518d42bc30814,SP
seller_id_c906f8d71e58768f,SP
seller_id_c90b756152649f55,SP
seller_id_c92bcafe7ee51387,GO
seller_id_c93d2b0a70aa0586,SP
seller_id_c9429b793e54fafc,SP
seller_id_c95186f7e9a3bd76,MG
seller_id_c956916fd46e772f,SP
seller_id_c9586487b2e53aa3,RJ
seller_id_c97724931b1523d7,SP
seller_id_c9860a047f54a7b1,RS
seller_id_c9973e1a3046fb96,SP
seller_id_c9a45df1eee7cd71,BA
seller_id_c9bfa8c80f4eb089,SP
seller_id_c9d171b826c3b012,SP
seller_id_c9d72dbf14d371c2,SP
seller_id_c9da52175ab22f2a,RJ
seller_id_c9eb7ef5ab42005a,PR
seller_id_ca037852c9d4bf76,SP
seller_id_ca25f20315aa3fcd,SP
seller_id_ca54c33e5b7e02ef,SP
seller_id_ca575e52f8182a6c,SP
seller_id_ca66808fb9ef6dfc,SP
seller_id_ca78f6eb00fdffea,RJ
seller_id_ca9143e37d21e59b,SP
seller_id_cabfb556f4fd0de0,PR
seller_id_cac28091ad642652,PR
seller_id_caf8b1fbb92edb59,SC
seller_id_cafdecf8b1efa8b0,SP
seller_id_cb1b126505883dda,SP
seller_id_cb380787752078d3,SP
seller_id_cb58ec7cc08bd1a9,PR
seller_id_cb59c9171f995091,SP
seller_id_cb5b9773ea6292bc,RS
seller_id_cb60399e988f09d1,SP
seller_id_cb7bc97d2ac6bdfc,RS
seller_id_cb82da1228d17b78,SP
seller_id_cb8a18e7eb0625d4,SC
seller_id_cbaaabffd1b1627f,PR
seller_id_cbac23b0ebaa3d31,SP
seller_id_cbdbc6bc1144e121,SP
seller_id_cbdee9f41d770a00,SP
seller_id_cbe6d5d757ab269b,RS
seller_id_cc190c33186b4f02,SP
seller_id_cc5c2722349658bb,SP
seller_id_cc86c56a8a30f1f6,SP
seller_id_cc941af1cdd5b67a,SP
seller_id_ccbf254c3767b248,RJ
seller_id_cceb542cadef5d5d,MG
seller_id_ccfb2658cedc7c58,SP
seller_id_cd0d1e91e0958d34,SP
seller_id_cd106ec6ee946202,SP
seller_id_cd11d813998e8fd7,SP
seller_id_cd1dea66763c3206,RS
seller_id_cd2e2b556a9a936b,SP
seller_id_cd373edefa9b08ca,SP
seller_id_cd3b54a1585b7078,MG
seller_id_cd46fbcfc49cea2f,MG
seller_id_cd4ed4b8237f15de,SP
seller_id_cde8e500d634a607,SP
seller_id_ce24686dbb2b2f09,SP
seller_id_ce36ef211c00c273,SP
seller_id_ce53658e202a6c82,PR
seller_id_ce55a1bb649ea29d,SP
seller_id_ce61988eae8d0f95,SP
seller_id_ce63d2f9c9d848e1,MG
seller_id_ce739d6e178fab39,SP
seller_id_ce84d63a3cebbb01,MG
seller_id_ce965e3b03fd1087,SP
seller_id_cee3ec0c8d5cabea,SP
seller_id_cf1330e035f8b079,SP
seller_id_cf158335ac2307a9,MG
seller_id_cf24ba4e2ee2f855,SP
seller_id_cf28b240833905c3,SE
seller_id_cf4f495672c2cae8,PR
seller_id_cfc60679a1c51609,SP
seller_id_cfe6773cf702db3b,SP
seller_id_cfe7bf40b6efb357,SC
seller_id_cff38a6b90d4692a,SP
seller_id_cffa1cbab82daeaa,SP
seller_id_cffb5b6cfb9a0442,MG
seller_id_cffe1ab854f5457a,SP
seller_id_d00f4897b8e14b7c,MG
seller_id_d048c69762652996,SC
seller_id_d04ed919c3bbb85e,SP
seller_id_d0575b8b994cb293,PR
seller_id_d05b0e7cb695b8ce,SP
seller_id_d061476e5d2960d0,SP
seller_id_d0699b6a95c70e5e,SC
seller_id_d0b20b1a09a69ef5,SP
seller_id_d0b4f653fb497686,SP
seller_id_d0c7d6942bc62b2f,RJ
seller_id_d0d2837777816eb8,SP
seller_id_d0e31409f8b45a56,SP
seller_id_d13a43c5ca4c445e,SP
seller_id_d13b909db896b100,RJ
seller_id_d13d86391b425fc2,PR
seller_id_d14bd0189782b68c,PR
seller_id_d16f4501d5d2ba70,MG
seller_id_d17c1efe22b01ad7,ES
seller_id_d191659916623106,SP
seller_id_d1b69be23421630f,SC
seller_id_d1bb842c27039e51,SP
seller_id_d1bd8c234dcc200b,PR
seller_id_d1d9cd09c27ae8b2,SP
seller_id_d1dcf1af14ca67ce,MG
seller_id_d1e14f442291fbd5,SP
seller_id_d1e5d4148f410aa1,SP
seller_id_d1e7af09dac6b150,SP
seller_id_d1f1a2d31a5ccf8c,SP
seller_id_d1f528e80d2c73e4,SP
seller_id_d1fe5698fa9731cd,SP
seller_id_d208dd779d756437,MG
seller_id_d2173e142dd59b90,MG
seller_id_d2242d04ea8ddee2,GO
seller_id_d22735a9d6d179ed,MG
seller_id_d278751a7ac97fc5,SP
seller_id_d283ed811ed4f577,PR
seller_id_d2ac2551ccaaad8b,MG
seller_id_d2c0610a645be0eb,SP
seller_id_d2c1427fb4f75c9b,SP
seller_id_d2cbff0516a7d1d5,SP
seller_id_d2cfa238b71ed44a,MG
seller_id_d2ee911dffc1ae3c,SP
seller_id_d305635c62be30da,RS
seller_id_d30605343bc4f363,SP
seller_id_d31b0b8d082eebe8,RJ
seller_id_d3273dd90a2b71ae,SP
seller_id_d329455d778a6944,PR
seller_id_d330781df897deed,SP
seller_id_d3313f521fd55baf,GO
seller_id_d3334b63ebafc471,SP
seller_id_d3397771ca37ab6c,SP
seller_id_d373bc31a54088f9,SP
seller_id_d391f64634929163,SP
seller_id_d39e809c73fa1f1d,PR
seller_id_d3a2ae1f6f6b7c39,SC
seller_id_d3a30af93490d801,SP
seller_id_d3ab37d8aa7abe56,SP
seller_id_d3abd239b75e1d3c,SP
seller_id_d3b9754e768bee2d,SP
seller_id_d3bff2ac1d724fc3,SP
seller_id_d3c004596ce9b74f,SP
seller_id_d40c792d6b1c589f,SP
seller_id_d4214ba9fa6710a6,PR
seller_id_d430c30806cccf6b,PR
seller_id_d465b77ef0e4812f,SC
seller_id_d472acef14e6be69,SP
seller_id_d477f70822897254,SC
seller_id_d47ab7c579048cee,SP
seller_id_d47fa8ba59708821,MG
seller_id_d48aebd3f664cc2e,SP
seller_id_d53588c7ff0a3e3e,RJ
seller_id_d55dd2b7d3e2fb80,SP
seller_id_d59177bbce10094d,PR
seller_id_d5c0d30ebea203f0,MG
seller_id_d5d84aced5203207,SP
seller_id_d5d9229e3ec19d85,RJ
seller_id_d5dac8ee0eecc475,SP
seller_id_d5de2af8fd0becb0,SP
seller_id_d5f91523219d729f,PR
seller_id_d6159dbcfc29f422,SP
seller_id_d62640fc26ead921,SP
seller_id_d63ef94169390c42,MG
seller_id_d66a7a7329868b62,SP
seller_id_d675a6855dedcf47,SP
seller_id_d6803e74606d5f03,SP
seller_id_d698fb16ccf5e237,SC
seller_id_d6b1c63e0811d0c2,SP
seller_id_d6b39f8d1ecb759d,MG
seller_id_d6cdb41df95c921c,SP
seller_id_d6eb8bbda267c8d9,RJ
seller_id_d6fc78a8ead5c9ad,SP
seller_id_d716b1a340dd27a2,SP
seller_id_d750c0c5bd699a33,PR
seller_id_d75323273bfa4b22,PR
seller_id_d760bf54c01e9bb0,SC
seller_id_d777a41642f5d188,MG
seller_id_d77a2b542de117e9,SP
seller_id_d78a5456d2da5473,RJ
seller_id_d7af20904aa0e9c2,SP
seller_id_d84c7611f469732f,SP
seller_id_d84ec064f33b0d3b,SP
seller_id_d858fe8bb423fcdc,SP
seller_id_d8a5b18e8ae0058e,DF
seller_id_d8b0ca648123d00d,SP
seller_id_d8bbaa1a8ed4b5df,ES
seller_id_d8cabf60aea61765,RN
seller_id_d8d39bde8fab4162,SC
seller_id_d8e315c3ceb7c409,SP
seller_id_d939043305ddc854,PR
seller_id_d962286f3158cd01,SP
seller_id_d970f816dac4cb84,MG
seller_id_d972c40d9f1e88cb,SP
seller_id_d978c930d3c29d2a,MG
seller_id_d98bc31c382000ec,SP
seller_id_d9aa4ce11283e01f,SC
seller_id_d9c93a9d7931616a,SP
seller_id_d9cfc26eeeefdecf,PR
seller_id_d9eb2bed5d057072,SP
seller_id_d9f1f7d36fba7725,SP
seller_id_da1143e301d7aac5,SP
seller_id_da280c1558f27af2,SP
seller_id_da2acdbfeb523976,SP
seller_id_da32d6f725bcc79e,RS
seller_id_da6a2fee047e351b,PR
seller_id_da70ac945fb8f43b,SP
seller_id_da744f69855f1508,SP
seller_id_daacc56391f75a7e,SP
seller_id_daf95f34e3b57650,PR
seller_id_db1e2e698b391b43,SP
seller_id_db2151c8f8122a2a,SP
seller_id_db4c66e3e95b3067,SP
seller_id_db4f5bef73aed494,SP
seller_id_db52153c1ba88e9c,MG
seller_id_db6f0dbdc4e53a3d,SP
seller_id_db7c0b5927f4c41b,SP
seller_id_dba466b93a9e1b67,PE
seller_id_dbbfd83115abcee0,SP
seller_id_dbd5d1246a7e9bd7,PR
seller_id_dbdd6ffdcc3b08db,SP
seller_id_dc01df3152c7f853,SP
seller_id_dc0433df3929e8f6,PR
seller_id_dc360bdbf24b2f75,SP
seller_id_dc5340a8c813442e,MG
seller_id_dc93638e6793540f,GO
seller_id_dcaf4d69ca2e7145,SC
seller_id_dcca69a498c7ef45,SP
seller_id_dcd70f82915cd3ba,SP
seller_id_dce18a0f055dadf5,DF
seller_id_dce6590182468bf5,MS
seller_id_dcf8eada4b9a616b,PR
seller_id_dd17edc372d2be56,SP
seller_id_dd1835d7d1047a74,SC
seller_id_dd2a42a339940f88,PR
seller_id_dd2e3cc8498aa076,SP
seller_id_dd51754a809facda,SP
seller_id_dd64d83bfe02b5d0,RS
seller_id_dd79e2233dd97aa3,RS
seller_id_dd81fbafe2201b8d,SP
seller_id_dd91477a3a80d66d,SP
seller_id_dd9c94782465ab20,SP
seller_id_ddc600519cdf2fb0,SP
seller_id_ddd4ef46d6b05e9e,SP
seller_id_dde7370f47b8dcc3,SP
seller_id_dde91e37c4f4b5ce,SP
seller_id_ddf191db2fd7bcd3,SP
seller_id_de00f6a78f7256d2,SP
seller_id_de02733c908117f1,PR
seller_id_de35ee57c688e53e,SP
seller_id_de3b39cbb8ea4c63,PR
seller_id_de3e5ccfeb21296e,SP
seller_id_de429c83b71db369,SP
seller_id_de6eb3ef86055b37,CE
seller_id_de873099c3705e01,SP
seller_id_de8bf96bcb8ac88e,SP
seller_id_deabdccf77787e8b,MG
seller_id_deb4063193404626,PR
seller_id_dec8a149ea39302b,SP
seller_id_decb4e0463fd8ec2,SP
seller_id_dee7f8bc87650000,RJ
seller_id_def9f033e6e9e997,SP
seller_id_df01240498c50178,SP
seller_id_df13bd794461c50b,SP
seller_id_df17bba1dae76c3a,SC
seller_id_df1975a41737dfa0,RJ
seller_id_df2b018833161aaf,SP
seller_id_df475404a07a18cd,SP
seller_id_df54b63934cb3951,SP
seller_id_df61dc389d6576f8,PR
seller_id_df6f45d30bf3ab1b,SP
seller_id_df8b2ae769761a60,SP
seller_id_dfaccb2af8bf26fe,SP
seller_id_dfb20f1746b8e44e,SP
seller_id_dfd04b18a4eecd07,SP
seller_id_e003930bb370ecb7,SC
seller_id_e00b3dd950277c2f,SP
seller_id_e01af853c3e88d2c,SP
seller_id_e01f7cbc957fe600,PR
seller_id_e02473f1a67a44b8,SP
seller_id_e036aa5cdf5f2698,PR
seller_id_e0cb9f4a582a820e,SP
seller_id_e0dcd8957720e891,SP
seller_id_e0ddb9c36e0a3c35,RS
seller_id_e0e2541c7d8526a5,SP
seller_id_e0e9c95382e722d2,SP
seller_id_e10ec79de4707aa0,SC
seller_id_e1454f9c25a6c598,PR
seller_id_e14f831ca1d46dac,SP
seller_id_e181ac04b758790a,SP
seller_id_e1a8cfee34f5dd63,SP
seller_id_e1bcfb4a07d31f35,SP
seller_id_e1e33078c6240fac,SP
seller_id_e20dfd685990c42f,PR
seller_id_e21ed1c010bad9dd,SP
seller_id_e2655aec0f09526b,SP
seller_id_e268ba20b6564558,SP
seller_id_e28b2af0a507489c,RJ
seller_id_e2a1690357bbc274,SP
seller_id_e2b7a55b79e86b95,SP
seller_id_e2ceb5e2202b17aa,SP
seller_id_e2e939b757d51e0d,SP
seller_id_e32d5b72b4b10e39,MG
seller_id_e340cb3d294a029d,SP
seller_id_e3498c8212af19f2,SP
seller_id_e360a72f373a6c29,SP
seller_id_e36b262c017b258b,SP
seller_id_e36b94743ba0c1d1,SP
seller_id_e36e0400314f2f0b,PR
seller_id_e382239c5032453a,SP
seller_id_e38229d2c6c4e4c7,PR
seller_id_e3831554b974defb,RS
seller_id_e38ae155fd07d613,SP
seller_id_e3bde4908348413f,PR
seller_id_e3d3f9cb1ae19cc1,SP
seller_id_e3f62e64547ec7b6,SP
seller_id_e425e0fcae90a0ca,SC
seller_id_e441a42cc305b305,PR
seller_id_e44d69ce3a38bece,PR
seller_id_e4688bead0fd2c13,RS
seller_id_e46cb4d0fe6b016a,SP
seller_id_e483d496fb5087a6,SP
seller_id_e4fcbbd9ad59d879,DF
seller_id_e529ea9d4e700c4b,SC
seller_id_e52da59540d08fe4,SP
seller_id_e534f3374e88f104,SP
seller_id_e56659e2773f1697,SP
seller_id_e578ae657c1e0597,SP
seller_id_e58fa7c5a3be5844,SP
seller_id_e5a85ca19e6397b9,SP
seller_id_e5fa6714f03d0d90,SP
seller_id_e5ff2e660ceed064,PR
seller_id_e608e8f47fb364a3,RJ
seller_id_e6298ebadee8805e,SP
seller_id_e688ec11b35868a9,SP
seller_id_e68f56e306db2944,RS
seller_id_e6968c5c380d700e,SP
seller_id_e6a5b18c54fd520e,SP
seller_id_e6b513b21e26795a,SP
seller_id_e6b722be1b7e3c12,SP
seller_id_e6e32a67c87f05fd,SP
seller_id_e6e88b4f4609cf17,SP
seller_id_e6ed0c98035f0339,SP
seller_id_e70a4a4d06aa2fc9,SP
seller_id_e725c03c6c3f82e2,SP
seller_id_e7295e13c4cfa937,SP
seller_id_e744700d7de9a178,SC
seller_id_e75902b027eeb9b0,PR
seller_id_e75a3f783316d7db,SP
seller_id_e7740164b4f24018,MG
seller_id_e77d1055d5845367,SC
seller_id_e7bb9b42913d08fe,PR
seller_id_e7cb3097834e9e5b,RS
seller_id_e7ccd8c411fbd20d,PR
seller_id_e7f7b83b7ca68c78,SP
seller_id_e80f67ce9461619e,SP
seller_id_e86313bd68e037cb,SP
seller_id_e8a8cba172bfcb95,SP
seller_id_e8ae4494e4b6a477,SP
seller_id_e8dd53cc6475df6c,SP
seller_id_e8ee965e7b9823d0,SP
seller_id_e8f0694fe23714a2,SP
seller_id_e923350856c80a9f,SP
seller_id_e925a11afda8dd76,SC
seller_id_e945fd2903546146,SC
seller_id_e957cfdd8811339d,SP
seller_id_e97f6f8a53d8f355,SP
seller_id_e9a8d4896d061770,SP
seller_id_e9b340bd89d2234b,RS
seller_id_e9bdb17397e87198,SP
seller_id_e9c3e302991956ec,RS
seller_id_e9c7a2fde62eb4b7,PB
seller_id_e9d8f1e58a2b39e9,PR
seller_id_e9de65421ae4cdb4,SP
seller_id_ea20f75fa9308915,PR
seller_id_ea47de0953d569a2,SP
seller_id_ea62f07b70435bb8,RJ
seller_id_ea66f18aa1bb516b,SC
seller_id_ea6deddc6649b6d9,SP
seller_id_ea83bf43e89a5fc8,SP
seller_id_ea84ffe2ad4f297c,SC
seller_id_ea8bde24cb65ef33,SP
seller_id_ea955c74035dcc5f,SP
seller_id_ea99ad201f7f58d5,SP
seller_id_eac047ea0f4094da,SP
seller_id_ead79986970791cb,SP
seller_id_eaf2d302c3104ec5,MG
seller_id_eaf78ce03b1d9f3e,SP
seller_id_eb0d0c3641468ecf,SP
seller_id_eb26fe9697d55985,SP
seller_id_eb5c20167c131a93,RS
seller_id_eb5e756e134a58ee,SP
seller_id_eb715e304eaff976,SP
seller_id_eb8a555c20cd2143,SP
seller_id_ebc91b1a49cd58dc,SP
seller_id_ebd81f58e513dc13,SP
seller_id_ebd96063620743e0,SP
seller_id_ebe94a8f93652792,SP
seller_id_ec18b7ae343d6edc,SP
seller_id_ec5ccadb08df7093,SP
seller_id_ec5d1f70bf563f87,SP
seller_id_ec65a89c1d99cfab,PR
seller_id_ec6a360d4c8b2c5a,SP
seller_id_ec902e7f838f6aba,GO
seller_id_ec9237dd3b27de1f,PR
seller_id_ecaf9bbcae887e38,SP
seller_id_ecb93d8e8f342e2c,SP
seller_id_eccc55bbbd38fbe2,SP
seller_id_ecd826061dfc2e7c,SP
seller_id_ecdabf1a270437f7,MG
seller_id_ece6ca3de81ed13e,SC
seller_id_ecf3a5fcec799afb,SP
seller_id_ecf3fd306ac2c820,SP
seller_id_ecfca5f1d88ec089,RJ
seller_id_ed0164b9337a66be,MG
seller_id_ed4915aa2f389798,SC
seller_id_ed58926dd3514192,PR
seller_id_ed83c5483a95d47e,SP
seller_id_ed86142385603de0,SP
seller_id_ed8c403a98869920,PR
seller_id_edaad2ca9ff4c911,PR
seller_id_edab6e2f91bae56d,SP
seller_id_edb18430fa5a2fb6,SP
seller_id_edb733313a353d80,SP
seller_id_ede4be75b7e6418e,RJ
seller_id_ede81ee5d1de37c4,SP
seller_id_edf0e84d32e4b156,PR
seller_id_ee17d7a2b8612d6c,SP
seller_id_ee990f15c062c56a,MG
seller_id_eeabe596646ed51e,GO
seller_id_eeb422aab403bb8c,ES
seller_id_eebc31ab6f74ae97,DF
seller_id_eec3c3d289c3533f,RS
seller_id_eec6b0c0b8de2edd,SP
seller_id_eed91fddf0491ed6,SP
seller_id_eef7828f7bfc7311,RJ
seller_id_ef37f56374b9e36f,SP
seller_id_ef48388d103e582e,PR
seller_id_ef4a1146fa083ee9,SP
seller_id_ef5bcfbe305b0f90,SP
seller_id_ef6469f3eec4d8b2,SP
seller_id_ef6bc1a6b1cfa3ea,SP
seller_id_ef77e27a71368b81,SP
seller_id_ef86483ba70f428e,SP
seller_id_ef8b307556127de4,SP
seller_id_ef96fc92824205d5,SP
seller_id_efa57bafe1f82b51,SP
seller_id_efa83c1637e62c92,SP
seller_id_efaa7ce3cc4daa18,SP
seller_id_efb6c05d12dcfa97,SP
seller_id_efbb41597ab8ac3d,SP
seller_id_efe5c7537fe9f4b3,SP
seller_id_eff537061dcd7604,SP
seller_id_f0021fe3412c8426,MG
seller_id_f01786fe8907f469,SC
seller_id_f0183f856aea37a0,SP
seller_id_f0417cc1a98f3948,SC
seller_id_f04bdabf7bf32698,DF
seller_id_f05aaa0208255a4c,SP
seller_id_f06b7fdd725e5be8,SP
seller_id_f0998cd8c9769175,RS
seller_id_f0ada26ded7bdc00,MG
seller_id_f0b1f3ae05910679,MG
seller_id_f0c5b9a66f262943,SP
seller_id_f0d18642cbcea415,DF
seller_id_f0d7e0e845cd9285,GO
seller_id_f10df1536409b083,SC
seller_id_f123bad89ca60d85,SP
seller_id_f1511757ea236c55,SP
seller_id_f1a05f0fcadd63e5,SC
seller_id_f1bf146fb0730b45,MG
seller_id_f1cd9254354c6d14,SP
seller_id_f1dbf39d60168170,MG
seller_id_f1e34c6c1e4f6969,GO
seller_id_f207b853af4d96ff,SP
seller_id_f231483901dcc0d5,SC
seller_id_f23a216588dcf7d1,SP
seller_id_f243aeab31fe18c2,SP
seller_id_f25d15f9c7d264bd,MG
seller_id_f261899efa463946,SC
seller_id_f28b59ec9077a59e,DF
seller_id_f28ee0488689b739,SP
seller_id_f2946f945c09e0d1,SP
seller_id_f297611a2c3334c2,SP
seller_id_f2d2729d5e90b70f,RS
seller_id_f2e098e76fd87c8f,PR
seller_id_f2e0ba78c4b1dbc6,SP
seller_id_f314c46b9e465d3d,SP
seller_id_f31deda4d2fdd230,SP
seller_id_f3706f3641a90087,RS
seller_id_f37276f4680c2b9e,SP
seller_id_f381b34480e4553b,SP
seller_id_f3b4956b5617cbce,SP
seller_id_f406e108852d9e7f,SP
seller_id_f408e78a81edd722,SP
seller_id_f427c45d5325fe9f,BA
seller_id_f43c35ddd5ae6f99,RJ
seller_id_f47d7ecce9df21bb,SP
seller_id_f47f41ea67625f33,PR
seller_id_f4a00dd7d2480af5,RJ
seller_id_f4dcf2702f034b5f,SP
seller_id_f4ecd697cff424f3,SP
seller_id_f52841202390c3fe,SC
seller_id_f541349b33203d5b,ES
seller_id_f559dce5b751ae62,SC
seller_id_f57209566ee8628b,SP
seller_id_f5973275f58cf68f,BA
seller_id_f5b75263575a5aa2,RJ
seller_id_f5c804fb9a2ba781,SP
seller_id_f5ec9f40f1016d71,RJ
seller_id_f5ecf456508d43ca,MG
seller_id_f5fcd7bad8322206,SP
seller_id_f616d6d7c809fa43,ES
seller_id_f6409d0b78308f30,RJ
seller_id_f64daf06d545a84d,MG
seller_id_f6581a86eb1ef60f,SP
seller_id_f658882c24061b50,SP
seller_id_f6a283e7a278483a,PR
seller_id_f6b252b0802d12c0,SP
seller_id_f6c2c0661e9a93f8,SP
seller_id_f6c4a75c300c465a,PR
seller_id_f6cd4680fb243020,SP
seller_id_f6e550481498af85,SP
seller_id_f72a1d2a636adf68,PR
seller_id_f7320684c43526a9,SP
seller_id_f73bc8ad014140d0,RS
seller_id_f7a451bc0b8e01b5,MG
seller_id_f7c292792e4bb8dd,SP
seller_id_f7c318e269d2e478,SP
seller_id_f7c34d256ac31f3a,PR
seller_id_f7ee2de7eb120ee3,SP
seller_id_f7f6e6b0b408989e,RS
seller_id_f80d3c1d1dca8993,SP
seller_id_f812328bac89264f,RJ
seller_id_f82820278f344694,DF
seller_id_f83aba78a5fb2337,SP
seller_id_f8726a7b99be7674,SP
seller_id_f872fadd46caddb7,SP
seller_id_f87bd83ca57ffdc2,SC
seller_id_f8aca2fc9b03efec,SP
seller_id_f8b2db449870b9e2,SP
seller_id_f8be24e7da923349,SP
seller_id_f8ca3323aa7f0650,SP
seller_id_f8e61bb644eff0cb,SP
seller_id_f8f30c5607694097,SP
seller_id_f9009951fd3706a3,MG
seller_id_f90ab6bc8a336b2e,RJ
seller_id_f9121c66adff3acb,SP
seller_id_f91ea6e7c98ed938,RS
seller_id_f92a5eb484d005c4,PR
seller_id_f93395b050173cc9,SP
seller_id_f946bac97bef4042,RS
seller_id_f964b505d74c2d71,MG
seller_id_f9732e5e03eb2721,SP
seller_id_f9a37ba7a81b7fc0,SP
seller_id_f9b2b1b59c8196fd,PR
seller_id_f9d71eb10cd86580,RS
seller_id_f9f12af8f1d1a4d2,SP
seller_id_f9fc96083176d0f8,SP
seller_id_f9fefc246f8c100a,SP
seller_id_fa17e0c1578c25ba,SP
seller_id_fa2571792924a99c,RJ
seller_id_fa2dd263a467b130,SP
seller_id_fa41b987a6b9a723,MG
seller_id_fa5725740165c125,SC
seller_id_fa5ad3e7008345c1,SC
seller_id_fa75471cc6d8b9f6,PR
seller_id_fa7ac9bbae709009,PR
seller_id_fa9f931eb4475685,SP
seller_id_faaf7d01e2e1f6f9,PR
seller_id_fac45e143eb9671e,RS
seller_id_fae7152dc9b351ef,PR
seller_id_faff6d3b99c90ff0,SP
seller_id_fb087b093c89a293,SP
seller_id_fb1383dd5d03d4ef,RS
seller_id_fb15177e5156a2f0,SP
seller_id_fb1906f6149d0524,SP
seller_id_fb37d2907d212e15,SP
seller_id_fb39b4a77187c6e2,SP
seller_id_fb4206981d28bbf2,SP
seller_id_fb50671786846b43,RJ
seller_id_fb7575503b68629a,SP
seller_id_fb7ee2d7d7ef9f3a,SP
seller_id_fb873aee50c33e43,GO
seller_id_fb9dae83428e3f66,MG
seller_id_fbb5054ddd237f35,SP
seller_id_fbc31b6670197639,SP
seller_id_fbc611543bfb5f2e,MG
seller_id_fbd7b8bf8df4fd9d,SP
seller_id_fbde258fecf53b7d,PR
seller_id_fbe884afc2e131e9,PR
seller_id_fbe8950950609b75,SP
seller_id_fc095729347e3697,MT
seller_id_fc0f7fea5b9f5b65,SP
seller_id_fc131193a0f47637,MG
seller_id_fc1e3d9e3ee8f5ef,SP
seller_id_fc3259513a4391ab,SP
seller_id_fc37cbd991c039f9,MG
seller_id_fc45e0217f05fc2e,SP
seller_id_fc6b5edc5f7f133a,SP
seller_id_fc88b61b1aa09d5f,SP
seller_id_fc942000b4e6aaad,SP
seller_id_fc99094b7a2082d1,SP
seller_id_fcee7ccc891bfe4f,SP
seller_id_fcf93c852444a9a0,SP
seller_id_fcfc7760a35affa5,SP
seller_id_fd193281a68b47dd,SP
seller_id_fd2c3e925a96509e,SP
seller_id_fd3ab0d5d46bf753,MG
seller_id_fd3d5757dac40f73,SP
seller_id_fd75f75505b85fec,RJ
seller_id_fd7e017f8a1aed7d,RJ
seller_id_fd94947fc758f15b,SP
seller_id_fda970b22fb819c7,PR
seller_id_fda98aa949d5c2a5,MG
seller_id_fdc057ef47483e4a,SP
seller_id_fdc15e3c797d431a,SP
seller_id_fddc9bafdad80122,PR
seller_id_fdefd47fbcb5e2bd,SC
seller_id_fe028696ce4499e6,MG
seller_id_fe0a637cc708e130,SP
seller_id_fe2995b3d5e2c03c,SP
seller_id_fe47a6b052b3a836,SP
seller_id_fe4d27c6e773dc67,SC
seller_id_fe61708fc45adbfc,SP
seller_id_fe72173b54c6cfc0,MG
seller_id_fe804d6fa5047e6c,RS
seller_id_fe80f82b0a379744,DF
seller_id_fe8f74a5581b33ea,PR
seller_id_fe9cbacb9212af3b,SP
seller_id_febc08d2ebb8bf78,PR
seller_id_fed00447f2a4d69a,SP
seller_id_fed3dbe0e2eb67ce,PR
seller_id_fed4a45811033aa1,SP
seller_id_fee8ca87bf4e2750,SP
seller_id_ff0e494663c8bc58,SP
seller_id_ff208ae26c1f500f,SP
seller_id_ff3b4f41366cbd90,SP
seller_id_ff4d91b7128386c4,SP
seller_id_ff5d2c840e8fb197,SP
seller_id_ff67aae45fdeb1dd,SP
seller_id_ff6f10ba78777b76,PR
seller_id_ff79dc352eeda40c,SC
seller_id_ff9b5c4dc6119342,MG
seller_id_ff9e7b564b5bffbe,RS
seller_id_ffc17c84de232076,PR
seller_id_ffd0109066c227e2,SP
seller_id_ffd716048405ae95,SP
